"","nonlife.name","year.code","month.code","KV4001","KV4002","KV4003","KV4004","KV4005","KV4006","KV4007","KV4008"
"1","NONLIFE#01",2011,3,256.554669450155,244.048702559239,3.21442400120216,42.9347671736652,10.6992564473793,Inf,284440,Inf
"2","NONLIFE#01",2011,6,260.965408888341,245.53457786542,3.49134851108922,43.3660020198838,12.8789746781262,1.2463169809107,122430,-56.9575305864154
"3","NONLIFE#01",2011,9,256.356086758288,244.172582991381,3.31159444213425,44.7229772502622,13.0635112214559,0.407323819169934,221247,80.7130605243813
"4","NONLIFE#01",2011,12,252.13025373349,241.606825786804,3.68737180367815,46.4037276097521,12.9492267158061,-0.390367870800681,322365,45.7036705582449
"5","NONLIFE#01",2012,3,261.820859973684,245.380749630746,3.40280838795225,49.4185693503702,12.5756515666039,1.28176110880926,403159,25.0628945450033
"6","NONLIFE#01",2012,6,261.77313696826,244.775086768992,3.59829050810156,50.5588379878936,12.0013076951363,0.14527001829824,112370,-72.1276221044303
"7","NONLIFE#01",2012,9,263.645534008402,249.075470528686,3.82253393945524,50.2993484104827,12.7802969745792,1.67399149355073,242646,115.934858058201
"8","NONLIFE#01",2012,12,254.369057395948,239.679752655919,3.56283824574997,49.3337531705322,12.0984274339423,0.117777229478622,330413,36.1708002604617
"9","NONLIFE#01",2013,3,254.595534391353,240.484930497863,3.66442832079732,45.6243070140182,13.0068399749781,1.15512545145939,412994,24.9932660034563
"10","NONLIFE#01",2013,6,231.40532460658,217.309881849264,3.34569544836828,44.9114091957633,11.5314922641929,1.74358689900716,97709,-76.3413027792171
"11","NONLIFE#01",2013,9,240.85412381938,226.420592242294,3.39400617292715,44.2898671699404,11.8490701234175,1.2737884938653,222704,127.925779610885
"12","NONLIFE#01",2013,12,238.121063923231,223.50682694666,3.36173614361112,42.9255130006303,11.6592108512759,0.565537395108009,306033,37.4169300955528
"13","NONLIFE#01",2014,3,229.7490787468,216.157005224135,3.34011597305794,43.4272636767472,11.6837663300323,0.826072627005938,98037,-67.9652194371195
"14","NONLIFE#01",2014,6,239.097950994783,226.03462490848,3.54792593366637,41.7972600944897,12.3076356412734,1.040207890631,233336,138.008098983037
"15","NONLIFE#01",2014,9,246.220045292018,233.276347397058,3.576627306809,40.9491785560512,12.6431288759165,0.295051429872547,323316,38.5624164295265
"16","NONLIFE#01",2014,12,224.213436429924,211.275680232477,3.38220593480178,40.2676398178757,12.5479401065862,1.43044288796451,400308,23.8132353486991
"17","NONLIFE#01",2015,3,232.623194149974,219.537087349141,3.4415094854007,40.3891028300893,12.6718025296143,3.26833991302252,94639,-76.3584539904274
"18","NONLIFE#01",2015,6,221.341857975981,208.580358632654,3.54115328422064,40.1538129824652,12.3728621038404,1.02667279947197,237357,150.802523272647
"19","NONLIFE#01",2015,9,232.916202482308,219.847350004218,3.16611032203914,39.5697268516684,12.4466691540637,1.32188290410404,349172,47.10836419402
"20","NONLIFE#01",2015,12,210.912401260032,198.779607159595,3.54669733511708,39.1163565532757,12.0494563357714,0.747265718376774,412672,18.1858797383524
"21","NONLIFE#01",2016,3,217.058077444917,204.95585248508,3.62198481412203,37.9965385514357,12.088046807461,2.65515844410758,88010,-78.6731350806452
"22","NONLIFE#01",2016,6,230.124340675209,217.753862211886,3.53578818374472,37.7971243447141,12.6606347308052,0.350685251302045,237585,169.95227815021
"23","NONLIFE#01",2016,9,258.851050356746,246.614829922957,3.5377176182735,38.2784967958192,13.7821314586646,-0.43558996661416,419308,76.4875728686575
"24","NONLIFE#01",2016,12,173.158497942156,161.296065543877,4.18799272863988,37.4010190570637,11.5875089286771,0.590922788067033,470171,12.1302240834899
"25","NONLIFE#01",2017,3,178.509280145904,166.201708213128,4.09982777771585,38.2595255021482,11.4747460697889,2.17965140970593,159298,-66.1191353784049
"26","NONLIFE#01",2017,6,207.757957114534,175.56271641812,4.12516116665281,39.1124314667048,11.8634520725538,0.302626347458533,369807,132.147924016623
"27","NONLIFE#01",2017,9,204.458017992504,173.142489364779,4.30670299103004,36.9978199561576,11.8826397040088,1.66516773091105,525223,42.0262461229777
"28","NONLIFE#01",2017,12,201.621028643193,170.267796650908,4.28556665193118,36.9437770169772,11.8049718177218,-1.27897718979312,622051,18.4355978317781
"29","NONLIFE#01",2018,3,198.053225752435,163.521322700174,4.19693219912558,34.8486704287466,11.1612126872094,2.09259808115409,110164,-82.2901980705762
"30","NONLIFE#01",2018,6,198.422759493792,163.744279297579,4.23724150461937,33.8248077765156,11.1924600982602,-0.496287335380043,300128,172.437456882466
"31","NONLIFE#01",2018,9,206.685103576515,172.208616281268,4.18300988143238,32.1788659688796,11.7135509237345,-0.0174876759297662,451690,50.4991203753065
"32","NONLIFE#01",2018,12,216.24920527614,179.907008772601,4.18963321475412,29.6061646501756,12.3472507971868,-0.206712692516637,514792,13.9702008014346
"33","NONLIFE#01",2019,3,229.415107588941,192.153025932311,4.13999759813634,29.9172282460752,12.8437078601012,0.55414384532774,99201,-80.7298870223314
"34","NONLIFE#01",2019,6,239.162260184254,204.668992646545,4.29294159814447,28.1800479014585,13.6005413846481,-0.704930114743754,206250,107.911210572474
"35","NONLIFE#01",2019,9,247.454809917225,213.749708416586,4.37514119973367,27.6108071819636,14.2288748389952,-0.116791345929498,328742,59.3900606060606
"36","NONLIFE#01",2019,12,223.780338618519,190.624600081297,4.43949360939156,28.3934408151089,13.100645436363,0.911111298258797,372691,13.3688424357095
"37","NONLIFE#01",2020,3,218.078981377553,185.831571971646,4.56268948961463,27.2112762641359,12.8146258630546,-0.483342495200724,137593,-63.0812120496604
"38","NONLIFE#01",2020,6,219.549995175223,189.309673347634,4.79697907915315,28.6741857617264,13.2966088159978,-2.08188185029191,349443,153.968588518311
"39","NONLIFE#01",2020,9,218.89022897502,189.164664508423,4.93222249214929,28.5180470976791,13.5623978504847,2.71377922081141,442015,26.491301871836
"40","NONLIFE#01",2020,12,207.538377200838,177.83660592778,4.85081346800973,28.6971710511982,12.8682569520191,1.23240263328007,502204,13.6169587004966
"41","NONLIFE#01",2021,3,195.177987547201,165.297288255512,4.84660956228939,29.7176317442778,11.894238534977,1.99192677699883,190182,-62.1305286297998
"42","NONLIFE#01",2021,6,211.237691566078,169.432790725298,5.01166236843323,28.7903981596235,12.2293936756628,-0.87968749236253,425583,123.776698110231
"43","NONLIFE#01",2021,9,213.019510886878,171.073769923018,4.89683404582129,29.0791942975695,12.3523224722203,0.26215537299519,645490,51.6719417833889
"44","NONLIFE#01",2021,12,203.104843983935,162.415936531528,4.94926280680243,27.3917366837661,12.2072500205517,0.0617160526960093,776879,20.3549241661374
"45","NONLIFE#01",2022,3,187.80091586,146.902609500296,4.93501475645193,25.8714597179716,10.9732880955548,0.333629612785773,279958,-63.9637575478292
"46","NONLIFE#01",2022,6,184.303513079478,153.664577642717,4.92411768234493,26.0762934230732,10.1161012671793,-0.95719646106972,562558,100.943712985519
"47","NONLIFE#01",2022,9,177.661299512405,149.963560729012,4.95706786578808,24.7923025136182,9.3922002090538,-1.25037259554898,817009,45.2310695074997
"48","NONLIFE#01",2022,12,170.762800668804,143.503462659503,4.9965226782915,22.1223856437662,10.0210117453734,0.154148574136576,980567,20.0191185164423
"49","NONLIFE#02",2011,3,206.714286702117,206.713595220479,2.58436268260876,41.2298173046706,7.3637882267609,Inf,-9062,-Inf
"50","NONLIFE#02",2011,6,175.059300042733,175.059300042733,2.35939475089103,40.6630891062939,6.80131883000494,1.2463169809107,7543,-183.237695872876
"51","NONLIFE#02",2011,9,171.260604802013,171.261215589746,2.54681358098464,36.3016879858934,6.52716160771406,0.407323819169934,7734,2.53214901232931
"52","NONLIFE#02",2011,12,166.562109412556,166.562109412556,2.38904013787247,37.3650528896217,6.15507018729287,-0.390367870800681,11335,46.5606413240238
"53","NONLIFE#02",2012,3,157.338533739953,157.337955059691,2.40689003937555,35.147597519847,6.11363220151035,1.28176110880926,12779,12.73930304367
"54","NONLIFE#02",2012,6,152.448668690421,152.448668690421,2.41089785992419,32.1992473692885,5.81245778150779,0.14527001829824,-609,-104.765631113546
"55","NONLIFE#02",2012,9,148.511473446098,140.876591603074,2.52322825660025,36.6215894399208,5.87125960446562,1.67399149355073,-2151,253.20197044335
"56","NONLIFE#02",2012,12,197.841311734328,163.9875726057,2.4122457685874,35.6893874733092,6.48549348398102,0.117777229478622,-12016,458.62389586239
"57","NONLIFE#02",2013,3,186.469939272261,154.767276594476,2.55449435769578,36.4144485119232,6.41702904362054,1.15512545145939,-14923,24.1927430093209
"58","NONLIFE#02",2013,6,163.937305447934,132.556711629811,2.69764740682536,36.5932453448016,5.6405768223277,1.74358689900716,-3448,-76.8947262614756
"59","NONLIFE#02",2013,9,150.429011125058,122.529532128549,3.39043262712445,36.639963309425,5.61156413564122,1.2737884938653,-4333,25.6670533642691
"60","NONLIFE#02",2013,12,168.723322207891,121.449942156563,2.77495783936102,36.5740597634511,5.04135568900857,0.565537395108009,4913,-213.385645049619
"61","NONLIFE#02",2014,3,153.087934560327,111.023527710644,2.84657934507024,36.7571225915925,4.91650440366736,0.826072627005938,-4231,-186.118461225321
"62","NONLIFE#02",2014,6,154.236057921731,114.272710138709,2.66814279036583,36.7915596294843,5.096450160541,1.040207890631,-6650,57.173245095722
"63","NONLIFE#02",2014,9,153.196291326095,114.737098938636,2.74126177265521,35.2648889206607,5.19693768730836,0.295051429872547,-5690,-14.4360902255639
"64","NONLIFE#02",2014,12,134.687860096252,100.622246322782,3.04138758228022,37.3313881355961,4.525554801142,1.43044288796451,2550,-144.81546572935
"65","NONLIFE#02",2015,3,140.101667634445,105.589682466917,3.0744101300576,38.3313438578771,4.61590965308485,3.26833991302252,3048,19.5294117647059
"66","NONLIFE#02",2015,6,169.001002317254,135.929367250976,3.14411480754865,40.4494718401156,5.94920360793043,1.02667279947197,8061,164.468503937008
"67","NONLIFE#02",2015,9,169.755668472717,137.131966474208,3.14288844997609,41.4259745717638,6.00957915017196,1.32188290410404,14986,85.9074556506637
"68","NONLIFE#02",2015,12,144.438211858679,119.468011409372,3.64930348399063,40.4628426756601,5.04665868412452,0.747265718376774,9881,-34.0651274522888
"69","NONLIFE#02",2016,3,151.817137683286,126.660574609535,3.65379380589079,39.1713040969658,5.38993724187233,2.65515844410758,11831,19.7348446513511
"70","NONLIFE#02",2016,6,155.367654813056,130.917724171685,3.61787871591532,39.493055443683,5.63911073101271,0.350685251302045,25434,114.977601217141
"71","NONLIFE#02",2016,9,146.455041104059,122.083848021468,3.42982681048199,39.7509320472275,5.25648368733435,-0.43558996661416,13045,-48.710387670048
"72","NONLIFE#02",2016,12,150.115839385391,115.1782005882,3.88986286487565,43.2771689549146,4.51804414317882,0.590922788067033,29054,122.721349175929
"73","NONLIFE#02",2017,3,150.116044519329,115.372220508318,3.84573405324454,44.0478856597376,4.62346394533185,2.17965140970593,18399,-36.6730914848214
"74","NONLIFE#02",2017,6,161.324320718637,126.378749827386,3.80482866006995,47.2706589802907,4.79309000165398,0.302626347458533,42849,132.887656937877
"75","NONLIFE#02",2017,9,159.13768514462,123.695948024347,3.76084506417023,47.8748463461632,4.61792647806,1.66516773091105,57176,33.4360195103736
"76","NONLIFE#02",2017,12,172.088743435918,120.976277517015,3.84779359517801,47.1593697360288,4.2746975141478,-1.27897718979312,74646,30.5547782286274
"77","NONLIFE#02",2018,3,164.496136753318,115.448883783002,4.08808747049733,45.0202754666853,4.26041547600472,2.09259808115409,13143,-82.39289446186
"78","NONLIFE#02",2018,6,155.447740914578,102.926893293083,5.07659211750123,41.5506328326879,4.28686413309319,-0.496287335380043,38211,190.732709427071
"79","NONLIFE#02",2018,9,157.23434386475,105.96024355878,5.20959004639498,39.5463872215198,4.46872989988977,-0.0174876759297662,43987,15.1160660542776
"80","NONLIFE#02",2018,12,153.538623222875,107.190240601994,5.21488045653391,35.2502905324757,4.33911580157622,-0.206712692516637,53591,21.8337236001546
"81","NONLIFE#02",2019,3,160.279054872388,113.773032417857,5.32385110464657,30.5475468540082,4.68475415257967,0.55414384532774,8132,-84.825810303969
"82","NONLIFE#02",2019,6,136.227746148742,96.9706851523273,6.59672752778204,28.201220333405,5.00236531795272,-0.704930114743754,24255,198.266109198229
"83","NONLIFE#02",2019,9,133.977824715526,94.9766649671965,6.72089091037526,27.479487466348,4.92280678082666,-0.116791345929498,17517,-27.7798392084106
"84","NONLIFE#02",2019,12,171.281469546286,125.427353549469,6.70703265381994,25.5148126256171,6.17015318193135,0.911111298258797,-81695,-566.375520922532
"85","NONLIFE#02",2020,3,158.911458233996,114.689909913346,6.51933343557306,23.8230295576608,5.7013110553853,-0.483342495200724,18302,-122.402839831079
"86","NONLIFE#02",2020,6,158.702677108559,109.939342178482,7.83225491132601,22.6751528160514,6.29924268778682,-2.08188185029191,37314,103.879357447274
"87","NONLIFE#02",2020,9,169.387496257836,118.369627566096,7.55522164060267,21.4674192267951,6.5327552263505,2.71377922081141,44517,19.3037465830519
"88","NONLIFE#02",2020,12,162.301858482017,113.176008596655,7.08833914446825,20.6776037840307,5.94723440545809,1.23240263328007,-64549,-244.99853988364
"89","NONLIFE#02",2021,3,183.590607190748,125.9530569058,6.39044476136017,19.7472675643587,6.28480689832479,1.99192677699883,63685,-198.661481974934
"90","NONLIFE#02",2021,6,194.157578395574,134.783157747667,6.1331241993091,23.8730612569069,6.46078359248486,-0.87968749236253,100429,57.6964748370888
"91","NONLIFE#02",2021,9,204.824701302914,145.109206898416,5.88663407418259,27.396558692587,6.87323259961846,0.26215537299519,166307,65.5965906262135
"92","NONLIFE#02",2021,12,181.058932379234,133.517053842369,6.11545460442344,36.4630772746288,5.6101414514693,0.0617160526960093,167170,0.518919828990962
"93","NONLIFE#02",2022,3,175.346612111866,128.441813905476,6.38096431158912,35.7302761604477,5.53048121039101,0.333629612785773,30505,-81.7521086319316
"94","NONLIFE#02",2022,6,168.551549745109,122.39292553211,6.66751846446052,33.1772809296279,5.26539763556078,-0.95719646106972,48123,57.7544664809048
"95","NONLIFE#02",2022,9,174.064000344474,112.094137009633,6.75812306293413,28.7089990418542,4.99358505799521,-1.25037259554898,54752,13.7751179269788
"96","NONLIFE#02",2022,12,150.77108127525,100.119276339877,6.15684061038483,25.6454160185391,4.43313532082681,0.154148574136576,21339,-61.0260812390415
"97","NONLIFE#03",2011,3,198.745546817235,197.977302771616,2.73378389219784,42.094073869824,8.82670555857238,Inf,120949,Inf
"98","NONLIFE#03",2011,6,167.718291758354,167.077562454927,2.63326428995909,42.1143210485123,9.48315383854027,1.2463169809107,51618,-57.3225078338804
"99","NONLIFE#03",2011,9,187.045569202059,186.448888115041,2.54292645520327,42.1619259494677,10.4341799354436,0.407323819169934,91600,77.4574760742377
"100","NONLIFE#03",2011,12,190.170184983678,189.555821545158,2.60697027427197,42.3692072746252,10.4677624696846,-0.390367870800681,132195,44.3176855895196
"101","NONLIFE#03",2012,3,176.090491758847,175.49103891044,2.5750668302231,44.5364994665945,10.3876935108027,1.28176110880926,164602,24.5145429100949
"102","NONLIFE#03",2012,6,180.919575026898,180.336198397146,2.54316796278563,45.7549978201457,9.93919250992279,0.14527001829824,47658,-71.0465243435681
"103","NONLIFE#03",2012,9,186.963281681108,173.970000447421,2.73937008649735,46.4307973390451,10.6836065864875,1.67399149355073,82528,73.1671492718956
"104","NONLIFE#03",2012,12,173.621821357303,161.969775153993,2.64150139074333,47.8068872650944,10.2591046295423,0.117777229478622,104638,26.7909073284219
"105","NONLIFE#03",2013,3,183.124185508197,171.012931623698,2.15324346890329,45.8061273523549,10.6972083590346,1.15512545145939,130710,24.9163783711462
"106","NONLIFE#03",2013,6,170.403895792488,158.153201122756,2.19902086657812,44.5591075867251,10.0319485644376,1.74358689900716,51897,-60.2960752811568
"107","NONLIFE#03",2013,9,214.233386014632,160.519522970282,2.60470537200557,43.7308892369223,9.88263057421275,1.2737884938653,97151,87.1996454515675
"108","NONLIFE#03",2013,12,204.694352509151,151.918723446201,2.37266518046408,40.6527484762678,9.39643291153454,0.565537395108009,135287,39.2543566201068
"109","NONLIFE#03",2014,3,208.268989849922,157.406904354051,2.43673875016585,44.1272477239669,9.36609511228789,0.826072627005938,30393,-77.5344268111496
"110","NONLIFE#03",2014,6,218.378097742266,168.742358889723,2.33126991419312,44.4388791606892,9.8150242174418,1.040207890631,58956,93.9788767150331
"111","NONLIFE#03",2014,9,232.276238688761,182.885898467764,2.30090742174562,44.3719410362304,10.1905234998457,0.295051429872547,95276,61.6052649433476
"112","NONLIFE#03",2014,12,230.551128249272,184.353080445598,2.40545531341284,44.4007233358471,10.7830987981273,1.43044288796451,112734,18.3236072043327
"113","NONLIFE#03",2015,3,221.746058014633,179.27062847261,2.26928812016086,43.2744634409976,10.7289579087341,3.26833991302252,20505,-81.8111661078291
"114","NONLIFE#03",2015,6,191.1245625796,154.616814775921,2.37063435288705,42.929881472118,10.4664628078238,1.02667279947197,80763,293.86978785662
"115","NONLIFE#03",2015,9,207.221118706933,168.755681714878,2.25764713254373,43.0800123600616,10.4482874280626,1.32188290410404,136279,68.7393979916546
"116","NONLIFE#03",2015,12,199.334103915875,161.108849482676,2.94327922954841,43.1361192222014,10.0715640102825,0.747265718376774,171312,25.7068220342092
"117","NONLIFE#03",2016,3,207.676066924886,169.461651721759,2.94263643132215,45.4316736173699,9.91818947429149,2.65515844410758,61561,-64.0649808536471
"118","NONLIFE#03",2016,6,255.270137576417,218.119648192924,2.93903586649892,46.7473341346737,12.4577946956721,0.350685251302045,139628,126.812429947532
"119","NONLIFE#03",2016,9,250.251198685744,218.306386991759,3.00844184061912,47.5291898279737,12.6148843974944,-0.43558996661416,221844,58.8821726301315
"120","NONLIFE#03",2016,12,188.000193572813,158.665277497066,3.49800001436255,47.6241112963405,9.97045315979338,0.590922788067033,257823,16.2181532969113
"121","NONLIFE#03",2017,3,188.13754030521,158.699771176437,3.50623383620409,48.4432090147413,9.43841337647514,2.17965140970593,88801,-65.5573785116146
"122","NONLIFE#03",2017,6,203.837902878611,174.647762940503,3.31467499469832,48.9623632006085,10.0915256225333,0.302626347458533,203462,129.121293679125
"123","NONLIFE#03",2017,9,199.54139064759,173.802992496141,3.22707036445993,48.9151226398447,10.0356299687683,1.66516773091105,296835,45.8921076171472
"124","NONLIFE#03",2017,12,189.652856147292,163.978148955781,3.04812757308776,50.0114773514699,9.87635337467747,-1.27897718979312,355139,19.6418885913049
"125","NONLIFE#03",2018,3,174.890593973511,149.230345910572,3.11040327931319,49.0019198003098,8.39685959629409,2.09259808115409,62231,-82.4770019626118
"126","NONLIFE#03",2018,6,189.024778922669,155.032707213159,2.98868174745366,48.0191912182435,8.54238802719104,-0.496287335380043,131279,110.95434751169
"127","NONLIFE#03",2018,9,198.902570400798,169.014922987468,3.04959388854996,46.2295218092645,9.61424673314345,-0.0174876759297662,206205,57.0738655839853
"128","NONLIFE#03",2018,12,209.020474209818,180.845590916072,3.0564617402419,43.2128314232737,10.8799389458951,-0.206712692516637,253597,22.982953856599
"129","NONLIFE#03",2019,3,213.375222486706,185.907408464466,3.06928396826185,43.3299312835912,10.9858335087482,0.55414384532774,65258,-74.2670457458093
"130","NONLIFE#03",2019,6,231.473926171648,189.435191685047,3.07710583696546,43.0995131381887,11.784087257697,-0.704930114743754,135483,107.611327346839
"131","NONLIFE#03",2019,9,218.181796070605,182.2819700361,3.14541244118375,44.3979002479033,12.2211569871195,-0.116791345929498,211873,56.3834577031805
"132","NONLIFE#03",2019,12,196.527287413795,146.815616511369,3.30887966383782,46.7312305691,10.2557726807533,0.911111298258797,270436,27.6406148966598
"133","NONLIFE#03",2020,3,220.99716455803,158.993886640656,3.53050105978488,45.427003881248,9.84326251127083,-0.483342495200724,107569,-60.2238607286012
"134","NONLIFE#03",2020,6,216.930040184305,158.564403762024,3.43798041311725,46.1296013540879,10.2075064978663,-2.08188185029191,218204,102.850263551767
"135","NONLIFE#03",2020,9,214.147206547744,163.301294021516,3.26780004526332,44.647016795412,10.6454375107507,2.71377922081141,323593,48.2983813312313
"136","NONLIFE#03",2020,12,211.493502979076,158.122099754332,3.46732748044921,44.2349030045733,10.3075780787204,1.23240263328007,432772,33.7396049976359
"137","NONLIFE#03",2021,3,212.54750208143,160.09662932936,3.39761247292162,43.187158577356,9.83939657861269,1.99192677699883,129707,-70.0287911417559
"138","NONLIFE#03",2021,6,222.184071575724,160.424052650083,3.5335158719357,44.0814152989005,10.1690433662585,-0.87968749236253,290537,123.994849930998
"139","NONLIFE#03",2021,9,215.61742913699,157.213269370971,3.44466706128446,43.4388905451453,9.95234044307539,0.26215537299519,465728,60.299032481233
"140","NONLIFE#03",2021,12,203.796444809714,148.884886107675,3.59468869518003,44.0038883920412,9.85574006235503,0.0617160526960093,660331,41.7846897760066
"141","NONLIFE#03",2022,3,174.86700824237,121.649018588649,3.64024084747687,45.5387548138061,8.43248475004123,0.333629612785773,221407,-66.4703005008094
"142","NONLIFE#03",2022,6,208.762125789207,145.920104135668,3.70112301626868,46.6142527194774,7.90189294815728,-0.95719646106972,462071,108.69755698781
"143","NONLIFE#03",2022,9,182.332668646001,129.061226322777,3.87844660673069,47.3614216582106,7.80046870751073,-1.25037259554898,720936,56.0227757206144
"144","NONLIFE#03",2022,12,165.710104909043,117.813762951584,3.92621488608262,45.7686475405302,6.73539215303505,0.154148574136576,861173,19.4520734156707
"145","NONLIFE#04",2011,3,498.534019273561,492.071900802204,3.13843758783301,44.4691105798063,18.3775074230965,Inf,664852,Inf
"146","NONLIFE#04",2011,6,455.758233491241,447.993926546512,2.61599497628925,42.6417975787334,19.7495290193938,1.2463169809107,272496,-59.0140362065542
"147","NONLIFE#04",2011,9,454.063940872093,446.738076946169,2.71376700451108,45.446171169832,19.3942349293905,0.407323819169934,482745,77.1567289061124
"148","NONLIFE#04",2011,12,444.508542738959,436.826049210035,2.7628332871281,45.5565485286627,19.3329785418939,-0.390367870800681,568508,17.7656941035122
"149","NONLIFE#04",2012,3,449.130571649966,438.526440572002,2.86829795513088,46.3887413470771,19.924394799917,1.28176110880926,784529,37.9978821758005
"150","NONLIFE#04",2012,6,452.618958648136,441.56593888461,2.76023239068062,46.9298156306432,19.1265612439672,0.14527001829824,251180,-67.9833377733647
"151","NONLIFE#04",2012,9,439.551423347708,414.797004612158,2.85822355065567,47.9836164901286,19.4273445443154,1.67399149355073,436063,73.6057807150251
"152","NONLIFE#04",2012,12,435.523543011542,410.61475849462,2.84072803436028,47.9450380840503,19.0563758711458,0.117777229478622,556705,27.6661858492924
"153","NONLIFE#04",2013,3,438.525598423636,414.459864128006,2.883677609491,46.8712578975089,19.5321034662442,1.15512545145939,760484,36.6044853198732
"154","NONLIFE#04",2013,6,404.486674858412,379.370794589575,2.68820779817583,46.8247222476262,17.361650603182,1.74358689900716,188805,-75.1730476906812
"155","NONLIFE#04",2013,9,406.426733873097,380.879710226983,2.67797638358503,46.3649614037027,17.1523035188998,1.2737884938653,371969,97.012261327825
"156","NONLIFE#04",2013,12,373.022594487195,349.496539155364,2.59181621737085,46.5194764767717,16.067210091533,0.565537395108009,505230,35.8258349486113
"157","NONLIFE#04",2014,3,372.50733108384,348.983019911184,2.50199750239791,46.7533298899498,15.9355921471115,0.826072627005938,242504,-52.0012667497971
"158","NONLIFE#04",2014,6,380.729553816899,358.772893343288,2.50111289349538,45.5834999407555,17.0507860174581,1.040207890631,480085,97.9699303929007
"159","NONLIFE#04",2014,9,380.153208539936,358.211198753621,2.48336220982502,44.2428075956335,17.164102955951,0.295051429872547,701496,46.1191247383276
"160","NONLIFE#04",2014,12,375.114709609917,353.46655010167,2.54237401029492,42.763340123176,16.3962951230783,1.43044288796451,796615,13.559450089523
"161","NONLIFE#04",2015,3,399.635856094044,378.13990303231,2.57208816986306,42.1515774027967,17.3267546876544,3.26833991302252,293695,-63.1321278158207
"162","NONLIFE#04",2015,6,380.093496812761,357.786910074545,2.51361091488069,41.0832622835716,16.2787768688982,1.02667279947197,532654,81.3629786002486
"163","NONLIFE#04",2015,9,402.279575112528,379.114749921413,2.24676658845306,39.4946803586012,16.5102772351727,1.32188290410404,709719,33.2420295351204
"164","NONLIFE#04",2015,12,350.378116106025,329.237184103144,2.56750741230542,38.7666149826003,15.8588967037737,0.747265718376774,782714,10.2850564800999
"165","NONLIFE#04",2016,3,363.361313270079,342.012290864419,2.56460420020242,37.1737286712032,16.2631108344652,2.65515844410758,284287,-63.6793260373521
"166","NONLIFE#04",2016,6,373.566641563039,352.390128783832,2.50826414085763,36.4968996344906,17.0750256085647,0.350685251302045,515634,81.3779736674558
"167","NONLIFE#04",2016,9,403.426386074736,380.836308706399,2.54977875806431,36.6496899129305,17.6442985573863,-0.43558996661416,755586,46.5353332014568
"168","NONLIFE#04",2016,12,333.305869245796,312.491605582833,2.91949595490369,36.8484684207313,16.0254828413529,0.590922788067033,840911,11.292559682154
"169","NONLIFE#04",2017,3,344.064805376874,322.903770007452,3.03995895688848,38.2881915208056,16.3380950737189,2.17965140970593,502998,-40.1841574197507
"170","NONLIFE#04",2017,6,359.148166392064,337.783930381216,3.13220003619916,38.3690769298987,16.9549324196548,0.302626347458533,779786,55.0276541855037
"171","NONLIFE#04",2017,9,360.841909967281,339.638130816128,3.15974365375467,37.3899113486177,17.0075007507874,1.66516773091105,1004419,28.8070060247299
"172","NONLIFE#04",2017,12,324.539999861652,302.977165664797,3.04848367458701,36.8265038630331,15.7866317398424,-1.27897718979312,1042872,3.82838237827042
"173","NONLIFE#04",2018,3,321.612031976228,299.12710694049,3.15248067032779,34.6764385718066,15.0017068314746,2.09259808115409,301116,-71.1262743654063
"174","NONLIFE#04",2018,6,320.084450491464,296.863467048403,3.25760195338975,35.4014967829591,15.0767089340526,-0.496287335380043,665632,121.055008700966
"175","NONLIFE#04",2018,9,337.68622656975,313.383462961499,3.09273521632365,35.551920814361,15.4802951485629,-0.0174876759297662,902735,35.620733378203
"176","NONLIFE#04",2018,12,334.082583303578,310.140949504153,2.9271485001617,33.323381217117,15.5606649595179,-0.206712692516637,1057057,17.0949392678915
"177","NONLIFE#04",2019,3,349.738650253359,325.767389363787,3.07891784189008,33.1327858886106,15.8193069171517,0.55414384532774,230825,-78.1634292190487
"178","NONLIFE#04",2019,6,352.775881587576,329.182690371558,3.32725056645614,30.3682580443289,16.5159781049422,-0.704930114743754,426084,84.59179031734
"179","NONLIFE#04",2019,9,361.584786191889,337.807091088269,3.35299242116625,29.4860122087017,16.9969903635565,-0.116791345929498,585864,37.4996479567409
"180","NONLIFE#04",2019,12,307.306890297134,290.506927172554,3.53295769341598,28.3947380402427,16.8260107941256,0.911111298258797,609233,3.9888096896208
"181","NONLIFE#04",2020,3,296.692442801105,279.576456973567,3.60256441440865,26.2470066969361,15.9904642252828,-0.483342495200724,164049,-73.0728637483524
"182","NONLIFE#04",2020,6,318.572078890021,300.462108740919,3.57592519664903,25.9983523397081,16.7902976663503,-2.08188185029191,433366,164.168632542716
"183","NONLIFE#04",2020,9,319.312454724944,300.956306973235,3.69740705252471,24.9533635124406,17.2438220406971,2.71377922081141,628930,45.126751983312
"184","NONLIFE#04",2020,12,300.813702722018,286.75281312329,3.89623713175733,24.258242717915,17.7034314641525,1.23240263328007,766834,21.9267645047939
"185","NONLIFE#04",2021,3,286.616666085278,271.797489194272,4.06005870264515,24.9954015902809,16.9698755100791,1.99192677699883,431455,-43.7355411992687
"186","NONLIFE#04",2021,6,322.381373861232,305.091613136387,4.16542781941614,23.9790672889892,17.0816105407282,-0.87968749236253,744084,72.4592367686085
"187","NONLIFE#04",2021,9,314.73491370919,296.994243836002,4.17973644957749,23.7885570848345,16.5917837768967,0.26215537299519,1022233,37.3813977991732
"188","NONLIFE#04",2021,12,305.354222754893,287.24142568087,4.19286125184714,21.4552518226487,16.4911472275476,0.0617160526960093,1092585,6.88218830736241
"189","NONLIFE#04",2022,3,271.803269281462,254.032964587267,4.28360693625509,21.6598892114074,14.3489205413926,0.333629612785773,409081,-62.5584279483976
"190","NONLIFE#04",2022,6,295.556046182631,276.791979518301,4.23273160784973,20.7489769843167,12.548495191086,-0.95719646106972,749897,83.312595793987
"191","NONLIFE#04",2022,9,295.011941850499,275.884631163356,4.32849013803003,18.5531545386811,11.7051604777289,-1.25037259554898,1032586,37.6970437273386
"192","NONLIFE#04",2022,12,284.984537677479,272.858471919393,4.21627663698942,17.0594380330935,12.4516712097538,0.154148574136576,1141385,10.5365557929315
"193","NONLIFE#05",2011,3,204.312971887007,188.812256482622,2.36056436582559,38.1322780605945,8.86385313680118,Inf,159485,Inf
"194","NONLIFE#05",2011,6,196.41585690543,188.777141708411,2.31324206793509,36.814051909967,10.3147540466448,1.2463169809107,125377,-21.3863372730978
"195","NONLIFE#05",2011,9,204.264003861083,193.935491544731,2.30994599100186,40.3174209654699,10.1201576282949,0.407323819169934,220461,75.8384711709484
"196","NONLIFE#05",2011,12,212.955811815271,202.85290175357,2.30461089726856,44.317514527198,10.085170630206,-0.390367870800681,305482,38.5650976816761
"197","NONLIFE#05",2012,3,209.403443966423,199.617226467888,2.18626723930245,47.3767679387181,9.92664035928707,1.28176110880926,399139,30.6587622183958
"198","NONLIFE#05",2012,6,219.779505105227,208.830688954871,2.17134389975244,49.57939692871,9.49309703918516,0.14527001829824,117981,-70.4411245205304
"199","NONLIFE#05",2012,9,221.815443868009,206.156216574658,2.30065608953832,48.8610337973473,10.2939297894648,1.67399149355073,210307,78.254973258406
"200","NONLIFE#05",2012,12,214.929673293915,199.176611553329,2.32720204643105,47.4315669771738,9.99761449814745,0.117777229478622,283996,35.0387766455705
"201","NONLIFE#05",2013,3,207.165591879356,191.650437088752,2.23495254334404,45.0618861226886,10.0725914111137,1.15512545145939,333381,17.389329427175
"202","NONLIFE#05",2013,6,189.566050011888,174.116073880612,2.36036354155288,43.3425802829208,8.8160794690646,1.74358689900716,82929,-75.1248571454282
"203","NONLIFE#05",2013,9,193.477380293453,178.187651508174,2.42138057216223,43.6117156467748,8.88224814401391,1.2737884938653,148137,78.6311181854357
"204","NONLIFE#05",2013,12,182.574985267863,173.742697318838,2.27728798049641,44.4321873147415,8.48783565414833,0.565537395108009,191516,29.2830285478982
"205","NONLIFE#05",2014,3,185.361266374247,173.503386407433,2.26599392780541,44.1189287349352,8.32053546561562,0.826072627005938,54727,-71.4243196390902
"206","NONLIFE#05",2014,6,192.24913500299,177.517058010721,2.3032561294477,44.145776934497,8.45505800247995,1.040207890631,118459,116.454400935553
"207","NONLIFE#05",2014,9,192.908925851506,178.425716662425,2.35860650020615,43.8826217257734,8.60039598787287,0.295051429872547,169152,42.7937092158468
"208","NONLIFE#05",2014,12,177.20619631701,163.525066051279,2.42040949192436,42.2807879418453,8.36460415030305,1.43044288796451,233337,37.9451617480136
"209","NONLIFE#05",2015,3,180.181655154091,166.743690223167,2.4506083789423,41.2715956522025,8.52983730868945,3.26833991302252,65593,-71.8891560275481
"210","NONLIFE#05",2015,6,162.335181443957,149.511825376331,2.5344829077468,41.5167263097697,8.03057919799225,1.02667279947197,154043,134.846706203406
"211","NONLIFE#05",2015,9,166.274515878056,153.292732183729,2.38982102719681,40.406582784682,8.13018345911114,1.32188290410404,233308,51.4564115214583
"212","NONLIFE#05",2015,12,171.147311702134,136.351671375158,2.68921781393911,40.1560792668331,7.53961454570972,0.747265718376774,203309,-12.8581103091193
"213","NONLIFE#05",2016,3,180.422837583023,147.620654282659,2.69562482274053,47.4126800213505,7.96575918409441,2.65515844410758,91790,-54.8519740887024
"214","NONLIFE#05",2016,6,221.483807170137,187.715288696138,2.58590226049732,38.9159726415,9.75438196709674,0.350685251302045,198923,116.715328467153
"215","NONLIFE#05",2016,9,222.022847867004,188.976091313534,2.59671185539039,38.794192875636,9.95867290062312,-0.43558996661416,336862,69.3429115788521
"216","NONLIFE#05",2016,12,158.292082861091,129.262729704416,3.20105728428139,38.2833823872526,7.52509614965919,0.590922788067033,399708,18.6563043620236
"217","NONLIFE#05",2017,3,159.757686694812,130.582335088458,3.1925599624314,36.9529879334395,7.56611826429606,2.17965140970593,115473,-71.1106607823711
"218","NONLIFE#05",2017,6,193.08929148067,141.419297715848,3.22760435499522,36.7800434541388,7.98775687433042,0.302626347458533,282162,144.353225429321
"219","NONLIFE#05",2017,9,191.526618921853,140.095176823343,3.16463547891817,37.0340145624139,7.81097364964239,1.66516773091105,406029,43.8992493673847
"220","NONLIFE#05",2017,12,186.801040312094,136.224482889627,3.07267737294008,36.8111462754664,7.7331016008647,-1.27897718979312,472788,16.4419290247741
"221","NONLIFE#05",2018,3,178.029137654557,128.270246144999,3.18198389447205,36.4349433816089,7.10926765454144,2.09259808115409,105991,-77.5817068115096
"222","NONLIFE#05",2018,6,182.350499812608,133.136593518925,3.20507691370409,35.0416049106992,7.43716472052827,-0.496287335380043,256485,141.987527242879
"223","NONLIFE#05",2018,9,211.480617582344,162.643895372398,3.16450315602077,33.0129345806094,8.93599698661448,-0.0174876759297662,357390,39.3414819580092
"224","NONLIFE#05",2018,12,218.779817791583,171.660407342707,3.10743764713286,30.7278826829006,9.40902208173031,-0.206712692516637,358997,0.449648843000644
"225","NONLIFE#05",2019,3,227.040866662079,180.101244330293,3.02961758060873,31.0786332872456,9.61731271858779,0.55414384532774,77306,-78.4661153157269
"226","NONLIFE#05",2019,6,230.74619214611,187.271383780816,3.03576943235538,29.8839788382205,10.0895609568225,-0.704930114743754,163873,111.979665226502
"227","NONLIFE#05",2019,9,233.090291461831,190.69097948949,3.08661615490413,29.5002471294974,10.3796494044199,-0.116791345929498,236194,44.1323463901924
"228","NONLIFE#05",2019,12,213.617650334483,172.640301329879,3.10529722850891,29.2488968939444,9.77071733572482,0.911111298258797,250438,6.03063583325571
"229","NONLIFE#05",2020,3,214.787544489353,174.424277613561,3.09496521441283,28.1000316957922,9.75706460715682,-0.483342495200724,89664,-64.197126634137
"230","NONLIFE#05",2020,6,217.142508040844,178.805023807921,3.13567333400621,28.0385833701753,10.0688787921021,-2.08188185029191,183754,104.936206281228
"231","NONLIFE#05",2020,9,220.44122519147,182.060446606601,3.09234966384567,27.627407531029,10.2920270807523,2.71377922081141,314720,71.2724620960632
"232","NONLIFE#05",2020,12,190.064331951536,159.274839837119,3.1493157650347,27.2991728649365,9.72988361999296,1.23240263328007,306144,-2.72496187086934
"233","NONLIFE#05",2021,3,177.584398582105,146.266521979859,3.03817354207859,26.3564049089699,8.76348808472543,1.99192677699883,126462,-58.6919880840389
"234","NONLIFE#05",2021,6,196.865204913911,154.915899042097,3.18089768766378,25.0541965721084,9.14404225880564,-0.87968749236253,249029,96.9200234062406
"235","NONLIFE#05",2021,9,209.018279213736,167.357578709322,3.1860508405386,25.1366705444171,9.54257821288804,0.26215537299519,387675,55.6746403029366
"236","NONLIFE#05",2021,12,203.435356516191,163.862225501143,3.25087856455973,25.5144857080081,9.35044653405114,0.0617160526960093,438357,13.0733217256723
"237","NONLIFE#05",2022,3,190.671610162531,151.164229415881,3.32437843998985,24.6743767466242,8.55710321640287,0.333629612785773,151241,-65.4982126440322
"238","NONLIFE#05",2022,6,202.240911929839,170.145154064739,3.35377951937668,25.5564016876287,8.07285899596144,-0.95719646106972,351390,132.337792000846
"239","NONLIFE#05",2022,9,186.372842043586,159.839977655768,3.39138552289465,23.8132656039449,7.53078272017886,-1.25037259554898,478507,36.175474543954
"240","NONLIFE#05",2022,12,174.648993237321,147.811211806493,3.31581574692159,20.9880845620259,7.8975218033975,0.154148574136576,560902,17.2191838363911
"241","NONLIFE#06",2011,3,168.283769914166,168.283769914166,2.41229526956052,41.8753897826511,6.70797668978001,Inf,7815,Inf
"242","NONLIFE#06",2011,6,156.946056249756,156.945756379001,2.10352635102985,47.2331690502242,7.16073562250657,1.2463169809107,24962,219.411388355726
"243","NONLIFE#06",2011,9,157.20520409458,157.20520409458,2.10634527154079,42.0322835366352,6.89076806524374,0.407323819169934,33961,36.0507972117619
"244","NONLIFE#06",2011,12,168.542002809087,168.542002809087,2.03776035793861,44.7923292370459,6.74424222835569,-0.390367870800681,37455,10.2882718412296
"245","NONLIFE#06",2012,3,150.620902681288,150.620902681288,1.97930350183908,45.5136922693318,6.1849248826893,1.28176110880926,40272,7.52102523027633
"246","NONLIFE#06",2012,6,164.41810748978,164.41810748978,1.97535956671739,47.8410551506674,6.2354863691899,0.14527001829824,20548,-48.9769566944776
"247","NONLIFE#06",2012,9,167.877484357186,121.364312167827,2.18490168289823,51.7767835264543,6.62963480127857,1.67399149355073,30323,47.5715398092272
"248","NONLIFE#06",2012,12,165.489238812353,119.323767833203,2.42674569493241,49.916684200881,6.1388668168665,0.117777229478622,32250,6.35491211291759
"249","NONLIFE#06",2013,3,155.207146739773,111.342849715218,2.52211305173614,45.8537877556082,6.07424375792646,1.15512545145939,23071,-28.462015503876
"250","NONLIFE#06",2013,6,147.138452790705,103.544221792921,2.54286516861706,45.3475455913534,5.40628044059627,1.74358689900716,1782,-92.2760175111612
"251","NONLIFE#06",2013,9,133.122919378434,94.1124025203599,2.51279727785589,45.9694395516711,4.89294555211768,1.2737884938653,-24817,-1492.64870931538
"252","NONLIFE#06",2013,12,168.833910886402,127.317550038819,2.29059982415271,45.6278666506237,6.07406455925636,0.565537395108009,-43641,75.8512310110005
"253","NONLIFE#06",2014,3,164.103056884453,123.837567121733,2.16057119621116,46.8612811963801,5.92803411265325,0.826072627005938,1218,-102.790953461195
"254","NONLIFE#06",2014,6,164.983155197968,131.188480703927,2.11143120873097,47.5160710257264,6.1080278452773,1.040207890631,18116,1387.35632183908
"255","NONLIFE#06",2014,9,168.426528977431,138.032878239064,2.06773533832469,48.6144084764733,6.12637491845576,0.295051429872547,27400,51.2475160079488
"256","NONLIFE#06",2014,12,154.284908193777,125.589800406929,2.02331501079651,49.2740080607255,5.75584728653439,1.43044288796451,16258,-40.6642335766423
"257","NONLIFE#06",2015,3,192.558772611073,164.118977121962,1.95076110164081,47.9325911951722,7.42880522746828,3.26833991302252,20770,27.7524910813138
"258","NONLIFE#06",2015,6,168.119772466962,145.460600402322,1.983541557729,47.7928032146898,6.7665316776451,1.02667279947197,58953,183.837265286471
"259","NONLIFE#06",2015,9,182.34583125453,161.318824072069,1.84326952124851,47.2833963644569,7.40067458473455,1.32188290410404,82875,40.5780876291283
"260","NONLIFE#06",2015,12,165.027390330773,145.280800526226,2.17864127372302,46.3948729719517,7.29455466558847,0.747265718376774,95259,14.9429864253394
"261","NONLIFE#06",2016,3,172.793711465494,153.593200942555,2.17275685883007,48.6630804514528,7.8609886255963,2.65515844410758,28394,-70.1928426710337
"262","NONLIFE#06",2016,6,198.615635812913,164.039840550633,2.2085983469663,47.9262418100871,8.43127942943315,0.350685251302045,60238,112.150454321336
"263","NONLIFE#06",2016,9,200.959535976532,166.973062915891,2.09024426340164,46.6868869087812,8.51948307859489,-0.43558996661416,92885,54.1966864769747
"264","NONLIFE#06",2016,12,153.113304461397,120.60589249548,2.53333110606986,48.1776557493526,6.66368167538762,0.590922788067033,112243,20.8408246756742
"265","NONLIFE#06",2017,3,156.7676085252,124.444243045915,2.54527299262028,47.0693880469802,6.80232521289418,2.17965140970593,37365,-66.7106189250109
"266","NONLIFE#06",2017,6,168.074563902816,137.471945429573,2.32557041732995,48.4606651078953,7.10271170690066,0.302626347458533,93757,150.921985815603
"267","NONLIFE#06",2017,9,169.266978713422,138.521948467601,2.35629369648832,48.7755015283564,6.99467602080047,1.66516773091105,136417,45.5006026216709
"268","NONLIFE#06",2017,12,180.681943509158,151.250342217361,2.39990150724286,48.9373249088864,7.95858921415516,-1.27897718979312,149230,9.39252439212122
"269","NONLIFE#06",2018,3,173.780942616305,145.062402865817,2.44191779816922,40.4971449745492,7.74172705310016,2.09259808115409,29409,-80.2928365610132
"270","NONLIFE#06",2018,6,172.9485964593,149.398482556935,2.49426743180945,44.3282626826447,7.70569002460835,-0.496287335380043,81877,178.407970349213
"271","NONLIFE#06",2018,9,195.85893853897,172.791265184766,2.48707353711644,45.7939701239021,8.78382953610856,-0.0174876759297662,115718,41.3315094593109
"272","NONLIFE#06",2018,12,195.087915966454,140.739344400371,2.36958654614842,45.5444167762642,8.46964267695546,-0.206712692516637,82306,-28.873641093002
"273","NONLIFE#06",2019,3,192.642755726848,140.475458560925,2.44583513195366,44.197031573918,8.50835841660142,0.55414384532774,10108,-87.718999829903
"274","NONLIFE#06",2019,6,198.625299399317,148.589985014333,2.3698856426627,40.2945973138842,8.59644982541279,-0.704930114743754,14093,39.4242184408389
"275","NONLIFE#06",2019,9,190.689001310367,143.41741218897,2.34081704906795,38.1126356382967,8.66200990264974,-0.116791345929498,15523,10.1468814304974
"276","NONLIFE#06",2019,12,180.989242244058,133.013651334718,2.30317589023356,38.0356528548167,7.83039133861995,0.911111298258797,-60967,-492.752689557431
"277","NONLIFE#06",2020,3,235.470834034613,180.889035724749,2.24202938474897,37.4522454088256,9.23598714536084,-0.483342495200724,33971,-155.720307707448
"278","NONLIFE#06",2020,6,261.234895679048,205.798998129783,2.16053963565985,37.1602263750771,9.64285852737971,-2.08188185029191,70173,106.567366283006
"279","NONLIFE#06",2020,9,254.921930263271,201.677915151566,2.12273141646061,37.5772885395253,9.85628933165884,2.71377922081141,91148,29.8904136918758
"280","NONLIFE#06",2020,12,221.536464420392,171.247295151286,2.30123746508195,38.5703622719347,8.7644642573231,1.23240263328007,88383,-3.03352788870847
"281","NONLIFE#06",2021,3,187.492544868123,138.159288701944,2.24685350507848,39.1148362133855,7.31024183048359,1.99192677699883,62622,-29.1470079087607
"282","NONLIFE#06",2021,6,189.189053481947,144.672959243924,2.43301352616572,37.9625239590506,7.77726934974617,-0.87968749236253,102960,64.4150617993676
"283","NONLIFE#06",2021,9,191.292444188273,146.288902591588,2.43918146777472,38.5436382397156,7.76233415057677,0.26215537299519,168023,63.1925019425019
"284","NONLIFE#06",2021,12,176.874921713747,133.379533568237,2.55537501263116,35.4542805796674,7.35094219021492,0.0617160526960093,155943,-7.18949191479738
"285","NONLIFE#06",2022,3,122.848614856474,61.4243074282371,2.52883335519261,34.408910727558,4.3147962783253,0.333629612785773,100083,-35.8207806698601
"286","NONLIFE#06",2022,6,135.85950061541,84.9216395500098,2.52157788356093,35.3341687234777,1.73601601012012,-0.95719646106972,205343,105.172706653478
"287","NONLIFE#06",2022,9,154.286843444236,104.738472427532,2.61887523966069,34.0027439617484,1.10623655243735,-1.25037259554898,290849,41.6405721159231
"288","NONLIFE#06",2022,12,153.31855429689,106.602493242642,2.47952054681113,30.4694927248387,1.78785710228998,0.154148574136576,347277,19.4011325464416
"289","NONLIFE#07",2011,3,140.295037445478,140.29709488931,2.52716650378508,-1.35680348936833,19.2777248455178,Inf,-33800,-Inf
"290","NONLIFE#07",2011,6,104.13501966635,104.13501966635,2.36440901406703,-6.8168812012864,16.4423397551058,1.2463169809107,5568,-116.473372781065
"291","NONLIFE#07",2011,9,142.372999912564,142.372999912564,2.18168961868308,-6.23467046443548,15.5816734143713,0.407323819169934,5032,-9.6264367816092
"292","NONLIFE#07",2011,12,143.888928596955,143.888928596955,2.25293128268762,-0.364251277868639,15.1932295731161,-0.390367870800681,4183,-16.8720190779014
"293","NONLIFE#07",2012,3,138.169232942506,138.169232942506,2.07520881275551,3.08326414672898,14.5597848003149,1.28176110880926,2355,-43.7006932823333
"294","NONLIFE#07",2012,6,178.410969775799,178.408765238862,2.28448755742077,3.19262501965393,15.4056716338439,0.14527001829824,3351,42.2929936305732
"295","NONLIFE#07",2012,9,177.915994945754,134.0813036469,2.33393522148765,4.44261467548266,15.4009030720275,1.67399149355073,3913,16.771113100567
"296","NONLIFE#07",2012,12,151.44059908614,108.865713318666,2.8854096401226,2.76293622141998,12.738547472811,0.117777229478622,-6731,-272.016355737286
"297","NONLIFE#07",2013,3,140.209738772251,97.9257297774415,2.59073178193778,-3.03831067099627,11.7834196990267,1.15512545145939,-11292,67.7611053335314
"298","NONLIFE#07",2013,6,135.582685002742,94.7185601982571,2.60268496309105,1.98752235003415,11.6621111544969,1.74358689900716,-70,-99.3800921006022
"299","NONLIFE#07",2013,9,177.241475517647,145.138404511848,2.41752015689693,0.188985901651737,16.5421660492482,1.2737884938653,-4041,5672.85714285714
"300","NONLIFE#07",2013,12,147.334576679489,116.039165403893,2.41403357005089,-0.392489151526489,13.788644152703,0.565537395108009,-17715,338.381588715664
"301","NONLIFE#07",2014,3,152.648814872501,120.44769264562,2.27114827148367,3.19784773695871,13.9355026995476,0.826072627005938,1632,-109.212531752752
"302","NONLIFE#07",2014,6,144.822875358139,114.24586835664,2.28085956579683,0.434385408631544,14.1709764399063,1.040207890631,2046,25.3676470588235
"303","NONLIFE#07",2014,9,147.512581918245,93.7561099243275,2.21750747516697,-0.150533298104602,11.9892607177865,0.295051429872547,-5955,-391.055718475073
"304","NONLIFE#07",2014,12,93.2334823801632,60.4124323817267,2.41347247062174,1.54275619327606,9.09165436956878,1.43044288796451,-23349,292.090680100756
"305","NONLIFE#07",2015,3,124.621010940985,81.5262750572846,2.3761322771843,0.00323021413089474,11.6124276875656,3.26833991302252,-191,-99.1819778148957
"306","NONLIFE#07",2015,6,103.518289394372,68.1672535769804,0.56255383290267,-11.1074427086387,57.8609496124031,1.02667279947197,-9476,4861.25654450262
"307","NONLIFE#07",2015,9,NA,NA,NA,NA,NA,1.32188290410404,0,-100
"308","NONLIFE#07",2015,12,NA,NA,NA,NA,NA,0.747265718376774,0,NA
"309","NONLIFE#07",2016,3,NA,NA,NA,NA,NA,2.65515844410758,0,NA
"310","NONLIFE#07",2016,6,NA,NA,NA,NA,NA,0.350685251302045,0,NA
"311","NONLIFE#07",2016,9,NA,NA,NA,NA,NA,-0.43558996661416,0,NA
"312","NONLIFE#07",2016,12,NA,NA,NA,NA,NA,0.590922788067033,0,NA
"313","NONLIFE#07",2017,3,NA,NA,NA,NA,NA,2.17965140970593,0,NA
"314","NONLIFE#07",2017,6,NA,NA,NA,NA,NA,0.302626347458533,0,NA
"315","NONLIFE#07",2017,9,NA,NA,NA,NA,NA,1.66516773091105,0,NA
"316","NONLIFE#07",2017,12,NA,NA,NA,NA,NA,-1.27897718979312,0,NA
"317","NONLIFE#07",2018,3,NA,NA,NA,NA,NA,2.09259808115409,0,NA
"318","NONLIFE#07",2018,6,NA,NA,NA,NA,NA,-0.496287335380043,0,NA
"319","NONLIFE#07",2018,9,NA,NA,NA,NA,NA,-0.0174876759297662,0,NA
"320","NONLIFE#07",2018,12,NA,NA,NA,NA,NA,-0.206712692516637,0,NA
"321","NONLIFE#07",2019,3,NA,NA,NA,NA,NA,0.55414384532774,0,NA
"322","NONLIFE#07",2019,6,NA,NA,NA,NA,NA,-0.704930114743754,0,NA
"323","NONLIFE#07",2019,9,NA,NA,NA,NA,NA,-0.116791345929498,0,NA
"324","NONLIFE#07",2019,12,NA,NA,NA,NA,NA,0.911111298258797,0,NA
"325","NONLIFE#07",2020,3,NA,NA,NA,NA,NA,-0.483342495200724,0,NA
"326","NONLIFE#07",2020,6,NA,NA,NA,NA,NA,-2.08188185029191,0,NA
"327","NONLIFE#07",2020,9,NA,NA,NA,NA,NA,2.71377922081141,0,NA
"328","NONLIFE#07",2020,12,NA,NA,NA,NA,NA,1.23240263328007,0,NA
"329","NONLIFE#07",2021,3,NA,NA,NA,NA,NA,1.99192677699883,0,NA
"330","NONLIFE#07",2021,6,NA,NA,NA,NA,NA,-0.87968749236253,0,NA
"331","NONLIFE#07",2021,9,NA,NA,NA,NA,NA,0.26215537299519,0,NA
"332","NONLIFE#07",2021,12,NA,NA,NA,NA,NA,0.0617160526960093,0,NA
"333","NONLIFE#07",2022,3,NA,NA,NA,NA,NA,0.333629612785773,0,NA
"334","NONLIFE#07",2022,6,NA,NA,NA,NA,NA,-0.95719646106972,0,NA
"335","NONLIFE#07",2022,9,NA,NA,NA,NA,NA,-1.25037259554898,0,NA
"336","NONLIFE#07",2022,12,NA,NA,NA,NA,NA,0.154148574136576,0,NA
"337","NONLIFE#08",2011,3,221.198115496087,201.525023868397,2.98327282669976,37.8408830941902,7.52311885327621,Inf,72691,Inf
"338","NONLIFE#08",2011,6,211.978159139162,194.886072349902,2.63739100572231,39.2168008650435,9.92500447098634,1.2463169809107,75381,3.70059567209146
"339","NONLIFE#08",2011,9,200.849796369799,184.661891645658,2.74747867819947,40.8685051310104,9.0925655646446,0.407323819169934,100761,33.6689616746926
"340","NONLIFE#08",2011,12,203.752216534511,187.613014306781,2.68299212309524,43.466799571029,8.82017465169878,-0.390367870800681,147203,46.0912456208255
"341","NONLIFE#08",2012,3,204.188815702889,186.466411386098,2.66655268241809,44.6204891731129,8.90334277175456,1.28176110880926,209040,42.0079753809365
"342","NONLIFE#08",2012,6,201.792566905537,185.411524115034,2.66892018813688,44.7480386154045,8.46788405782694,0.14527001829824,75472,-63.8959050899349
"343","NONLIFE#08",2012,9,192.49736172613,171.597840372005,2.79701857098914,45.4819857918691,8.94857883629574,1.67399149355073,132352,75.3656985372058
"344","NONLIFE#08",2012,12,182.420821155184,161.379540709812,2.83959912654935,45.9029202352647,8.5395127308673,0.117777229478622,179504,35.6262088974855
"345","NONLIFE#08",2013,3,176.954158682978,157.209514325277,2.68980601319943,44.3473527958916,8.59033493345794,1.15512545145939,164426,-8.39981281754167
"346","NONLIFE#08",2013,6,165.737763223022,144.653431595522,2.68824582104366,42.540727925432,7.59700186107505,1.74358689900716,57413,-65.0827727974895
"347","NONLIFE#08",2013,9,176.764773474958,155.583818935275,2.59836859180996,41.4890530790103,7.73352114500929,1.2737884938653,102954,79.3217563966349
"348","NONLIFE#08",2013,12,172.86584699823,151.256809909257,2.52940751344086,40.4883171382772,7.34230545392196,0.565537395108009,118397,14.9999028692426
"349","NONLIFE#08",2014,3,173.968750679526,152.784625207812,2.55840186777317,39.8612494892834,7.22497236153633,0.826072627005938,53003,-55.2328183991148
"350","NONLIFE#08",2014,6,183.135991667471,161.596248801663,2.4658766807008,39.3247710343576,7.48302046017287,1.040207890631,100364,89.3553195102164
"351","NONLIFE#08",2014,9,190.020042882887,168.402362055166,2.4965041922923,40.3168280777267,7.69401038352685,0.295051429872547,145635,45.1068112072058
"352","NONLIFE#08",2014,12,173.555308966858,154.105272379356,2.50447634995109,38.9044700777997,7.49709441248865,1.43044288796451,138747,-4.7296322999279
"353","NONLIFE#08",2015,3,181.239358852858,161.949565289052,2.5669802122219,38.211858458808,7.84800934413631,3.26833991302252,68769,-50.435685095894
"354","NONLIFE#08",2015,6,173.143958012907,153.7728130401,2.55242779322119,37.4285538604486,7.4674465992213,1.02667279947197,106648,55.0815047477788
"355","NONLIFE#08",2015,9,167.96920774244,149.243844745046,2.56764015991922,35.7476455438869,7.44445882057935,1.32188290410404,104947,-1.59496661915835
"356","NONLIFE#08",2015,12,170.177620947984,152.254293167913,2.76696745943406,37.5159602603791,7.83671542197861,0.747265718376774,173736,65.5464186684707
"357","NONLIFE#08",2016,3,179.437827050355,160.952835741795,2.80602821899568,36.6608842079768,8.1784605345248,2.65515844410758,69986,-59.7170419487038
"358","NONLIFE#08",2016,6,188.845299990836,170.147401822975,2.8308244057769,37.9863112627148,8.7359810468713,0.350685251302045,175288,150.461520875604
"359","NONLIFE#08",2016,9,187.911406368261,169.606576644763,2.82676886419132,38.1612889160713,8.74439008925858,-0.43558996661416,238612,36.1256902925471
"360","NONLIFE#08",2016,12,168.685955926306,152.172398087412,3.18440851423893,37.3599899925084,8.29781443040185,0.590922788067033,295780,23.9585603406367
"361","NONLIFE#08",2017,3,172.013758655349,155.998854044737,3.27064436055753,37.5341000927954,8.38343297200027,2.17965140970593,96794,-67.2750016904456
"362","NONLIFE#08",2017,6,188.269291222843,171.174781631812,2.93604108196364,37.9006580198338,8.7422764474363,0.302626347458533,212636,119.678905717297
"363","NONLIFE#08",2017,9,194.452204037202,176.850353451685,2.90020753642895,38.7570866990512,8.70432286737171,1.66516773091105,315428,48.3417671513761
"364","NONLIFE#08",2017,12,186.48516907844,169.815474828064,3.0405162785468,38.526756325392,8.53699439490683,-1.27897718979312,360489,14.2856689957772
"365","NONLIFE#08",2018,3,184.871509712429,167.911626589544,3.04397952943686,38.1594127574272,8.26026942462236,2.09259808115409,68249,-81.0676608717603
"366","NONLIFE#08",2018,6,180.683236003428,164.479016887284,3.28394479486846,36.7225723049759,8.381106920862,-0.496287335380043,155784,128.258289498747
"367","NONLIFE#08",2018,9,181.079870187409,164.299765185415,3.37548204655666,34.7569093916704,8.47799121960024,-0.0174876759297662,202656,30.0878138961639
"368","NONLIFE#08",2018,12,181.119253852498,164.492467783106,3.32724606354863,30.8234986893171,8.39823511998125,-0.206712692516637,185679,-8.37725011842729
"369","NONLIFE#08",2019,3,184.504792332268,167.795165912126,3.33903964241454,32.1312484765358,8.61320391915096,0.55414384532774,56724,-69.4505032879324
"370","NONLIFE#08",2019,6,187.775359928985,171.115063232225,3.46345450173369,30.5225986404302,9.00042158767031,-0.704930114743754,127763,125.236231577463
"371","NONLIFE#08",2019,9,187.962232838823,171.144078451094,3.41738347032238,29.1908743769013,9.05210920718409,-0.116791345929498,173231,35.5877679766443
"372","NONLIFE#08",2019,12,182.442192531108,164.980358804119,3.35547830837279,30.6615386966378,8.77100129576526,0.911111298258797,167851,-3.10567969936097
"373","NONLIFE#08",2020,3,183.478537627449,165.795115969288,3.37157222272731,28.0995843801374,8.9136072881596,-0.483342495200724,62620,-62.693102811422
"374","NONLIFE#08",2020,6,182.011777046656,164.243206488894,3.40369564530768,29.412357244884,8.97021506618271,-2.08188185029191,114760,83.2641328648994
"375","NONLIFE#08",2020,9,183.078838574069,165.07350000725,3.29900354311339,30.0324799658429,9.00091510464023,2.71377922081141,147800,28.7905193447194
"376","NONLIFE#08",2020,12,174.758931477585,157.582759142358,3.19962818124325,30.3523972563094,8.41722688766518,1.23240263328007,141902,-3.99052774018945
"377","NONLIFE#08",2021,3,163.340863380586,146.048251250133,3.24667376609987,30.7915640488386,7.93370511496074,1.99192677699883,67359,-52.5313244351736
"378","NONLIFE#08",2021,6,178.714318212329,145.120936811903,3.38277197126351,28.8020048098872,8.03141472353382,-0.87968749236253,144000,113.779895782301
"379","NONLIFE#08",2021,9,181.823985744763,148.691717918796,3.44925062585873,29.0881637664185,8.2625984342252,0.26215537299519,266402,85.0013888888889
"380","NONLIFE#08",2021,12,179.388051587207,147.367057676332,3.46481859866034,26.8485970316168,8.22517248510968,0.0617160526960093,286121,7.40197145667075
"381","NONLIFE#08",2022,3,162.056559355617,134.060541567972,3.56564698203096,26.8958144771115,7.65798744306151,0.333629612785773,156154,-45.4237892360225
"382","NONLIFE#08",2022,6,197.308787060678,162.238569940681,3.51149888899097,29.0742013806947,7.45694751895255,-0.95719646106972,414791,165.629442729613
"383","NONLIFE#08",2022,9,180.133089029448,150.03300151324,3.58000616767448,28.347483262756,7.00200746196847,-1.25037259554898,502708,21.1954936341435
"384","NONLIFE#08",2022,12,171.662003524367,140.669592462474,3.44390987263902,26.0123923380575,7.21399471697899,0.154148574136576,581514,15.6762971745029
"385","NONLIFE#09",2011,3,159.800163659072,159.798728053175,5.05686029903636,42.3910819643124,5.26492599988802,Inf,-12444,-Inf
"386","NONLIFE#09",2011,6,122.067737844536,122.067737844536,4.73084477298815,35.6413344608542,4.25905345410364,1.2463169809107,-14766,18.6595949855352
"387","NONLIFE#09",2011,9,52.5530308392912,52.5530308392912,4.4925815905606,28.4273927108292,1.86242977952715,0.407323819169934,-62361,322.328321820398
"388","NONLIFE#09",2011,12,14.2646650321864,14.2646650321864,4.18674907332453,25.3796056845951,0.529824923339491,-0.390367870800681,-80944,29.7990731386604
"389","NONLIFE#09",2012,3,-54.89515707783,-54.89515707783,4.09021965762325,13.4926954716572,-3.04103468343439,1.28176110880926,-140177,73.1777525202609
"390","NONLIFE#09",2012,6,-77.8967656293876,-77.8967656293876,3.81246269331645,10.4214240543428,-4.37656469833651,0.14527001829824,-25363,-81.9064468493405
"391","NONLIFE#09",2012,9,-39.1530340538839,-39.1530340538839,4.11530146185015,6.08995111314194,-3.27720186396411,1.67399149355073,-12650,-50.1241966644324
"392","NONLIFE#09",2012,12,-74.4943820224719,-74.4943820224719,3.86616286471149,1.66324446744459,-5.21687050606936,0.117777229478622,-34003,168.798418972332
"393","NONLIFE#09",2013,3,-108.536708604921,-106.688646354404,3.76386064501162,5.46481281932727,-5.29432306254608,1.15512545145939,-48075,41.3845837132018
"394","NONLIFE#09",2013,6,NA,NA,NA,NA,NA,1.74358689900716,0,-100
"395","NONLIFE#09",2013,9,NA,NA,NA,NA,NA,1.2737884938653,0,NA
"396","NONLIFE#09",2013,12,NA,NA,NA,NA,NA,0.565537395108009,0,NA
"397","NONLIFE#09",2014,3,NA,NA,NA,NA,NA,0.826072627005938,0,NA
"398","NONLIFE#09",2014,6,NA,NA,NA,NA,NA,1.040207890631,0,NA
"399","NONLIFE#09",2014,9,NA,NA,NA,NA,NA,0.295051429872547,0,NA
"400","NONLIFE#09",2014,12,NA,NA,NA,NA,NA,1.43044288796451,0,NA
"401","NONLIFE#09",2015,3,NA,NA,NA,NA,NA,3.26833991302252,0,NA
"402","NONLIFE#09",2015,6,NA,NA,NA,NA,NA,1.02667279947197,0,NA
"403","NONLIFE#09",2015,9,NA,NA,NA,NA,NA,1.32188290410404,0,NA
"404","NONLIFE#09",2015,12,NA,NA,NA,NA,NA,0.747265718376774,0,NA
"405","NONLIFE#09",2016,3,NA,NA,NA,NA,NA,2.65515844410758,0,NA
"406","NONLIFE#09",2016,6,NA,NA,NA,NA,NA,0.350685251302045,0,NA
"407","NONLIFE#09",2016,9,NA,NA,NA,NA,NA,-0.43558996661416,0,NA
"408","NONLIFE#09",2016,12,NA,NA,NA,NA,NA,0.590922788067033,0,NA
"409","NONLIFE#09",2017,3,NA,NA,NA,NA,NA,2.17965140970593,0,NA
"410","NONLIFE#09",2017,6,NA,NA,NA,NA,NA,0.302626347458533,0,NA
"411","NONLIFE#09",2017,9,NA,NA,NA,NA,NA,1.66516773091105,0,NA
"412","NONLIFE#09",2017,12,NA,NA,NA,NA,NA,-1.27897718979312,0,NA
"413","NONLIFE#09",2018,3,NA,NA,NA,NA,NA,2.09259808115409,0,NA
"414","NONLIFE#09",2018,6,NA,NA,NA,NA,NA,-0.496287335380043,0,NA
"415","NONLIFE#09",2018,9,NA,NA,NA,NA,NA,-0.0174876759297662,0,NA
"416","NONLIFE#09",2018,12,NA,NA,NA,NA,NA,-0.206712692516637,0,NA
"417","NONLIFE#09",2019,3,NA,NA,NA,NA,NA,0.55414384532774,0,NA
"418","NONLIFE#09",2019,6,NA,NA,NA,NA,NA,-0.704930114743754,0,NA
"419","NONLIFE#09",2019,9,NA,NA,NA,NA,NA,-0.116791345929498,0,NA
"420","NONLIFE#09",2019,12,NA,NA,NA,NA,NA,0.911111298258797,0,NA
"421","NONLIFE#09",2020,3,NA,NA,NA,NA,NA,-0.483342495200724,0,NA
"422","NONLIFE#09",2020,6,NA,NA,NA,NA,NA,-2.08188185029191,0,NA
"423","NONLIFE#09",2020,9,NA,NA,NA,NA,NA,2.71377922081141,0,NA
"424","NONLIFE#09",2020,12,NA,NA,NA,NA,NA,1.23240263328007,0,NA
"425","NONLIFE#09",2021,3,NA,NA,NA,NA,NA,1.99192677699883,0,NA
"426","NONLIFE#09",2021,6,NA,NA,NA,NA,NA,-0.87968749236253,0,NA
"427","NONLIFE#09",2021,9,NA,NA,NA,NA,NA,0.26215537299519,0,NA
"428","NONLIFE#09",2021,12,NA,NA,NA,NA,NA,0.0617160526960093,0,NA
"429","NONLIFE#09",2022,3,NA,NA,NA,NA,NA,0.333629612785773,0,NA
"430","NONLIFE#09",2022,6,NA,NA,NA,NA,NA,-0.95719646106972,0,NA
"431","NONLIFE#09",2022,9,NA,NA,NA,NA,NA,-1.25037259554898,0,NA
"432","NONLIFE#09",2022,12,NA,NA,NA,NA,NA,0.154148574136576,0,NA
"433","NONLIFE#10",2011,3,118.300376076671,118.300376076671,1.15213701380854,-16.40209475493,21.3688836061736,Inf,-38827,-Inf
"434","NONLIFE#10",2011,6,138.858604622834,138.858604622834,0.753980404164115,-24.0139106867537,17.8278799631303,1.2463169809107,-1627,-95.8096170190847
"435","NONLIFE#10",2011,9,171.187027707809,171.187027707809,0.88740436624725,-14.3463260976707,20.5549862294242,0.407323819169934,6546,-502.335586969883
"436","NONLIFE#10",2011,12,160.232505716034,160.232505716034,0.767759356657031,-7.73655977018233,19.412828143302,-0.390367870800681,1584,-75.8020164986251
"437","NONLIFE#10",2012,3,155.112185489088,155.108780770147,0.777115934236962,-8.7461925778579,19.5194419782606,1.28176110880926,-2338,-247.60101010101
"438","NONLIFE#10",2012,6,162.836644591611,162.836644591611,0.803860390302514,-20.8882471266766,20.8783584750624,0.14527001829824,-1321,-43.4987168520103
"439","NONLIFE#10",2012,9,159.571641370426,159.414630218608,0.812043123419095,-34.1251148113456,19.9712673081724,1.67399149355073,-6366,381.907645722937
"440","NONLIFE#10",2012,12,128.70528109029,128.597686721062,1.04044674549524,-53.043977094623,15.2250683909475,0.117777229478622,-21396,236.098020735156
"441","NONLIFE#10",2013,3,156.641120028966,156.574739001871,1.53266017583578,-126.616674018527,21.1120987791497,1.15512545145939,-24608,15.0121518040755
"442","NONLIFE#10",2013,6,211.443281846869,211.343630626142,1.9712907865422,-206.751673724303,27.82436218015,1.74358689900716,-795,-96.7693433029909
"443","NONLIFE#10",2013,9,273.69589345172,273.572573683561,2.18499726408994,-479.604938271605,32.0698403223399,1.2737884938653,-4606,479.37106918239
"444","NONLIFE#10",2013,12,280.988117573483,280.878674171357,2.20124345049876,-16817.3913043478,32.1876479843576,0.565537395108009,-9458,105.340859748155
"445","NONLIFE#10",2014,3,420.185185185185,419.94708994709,2.26247689463956,-3591.07725788901,34.543438077634,0.826072627005938,-2383,-74.8043983928949
"446","NONLIFE#10",2014,6,346.837994457042,346.535651297556,2.46162899033982,-2073.21428571429,39.9303682636199,1.040207890631,-4784,100.755350398657
"447","NONLIFE#10",2014,9,317.248520710059,317.130177514793,1.76064787042591,-1290.85009733939,38.8362327534493,0.295051429872547,-8103,69.3770903010033
"448","NONLIFE#10",2014,12,127.557251908397,127.35368956743,1.84377008694475,-975.364583333333,23.9690111302818,1.43044288796451,-13967,72.3682586696285
"449","NONLIFE#10",2015,3,552.157864849517,551.817149346962,1.76919291338583,-962.482369534556,52.2563976377953,3.26833991302252,-776,-94.4440466814634
"450","NONLIFE#10",2015,6,538.431134083308,537.823046518699,1.91729861210474,-799.647421771706,53.0233223637144,1.02667279947197,-3484,348.969072164948
"451","NONLIFE#10",2015,9,463.436249285306,463.03602058319,1.94149873450165,-500.128990648178,55.7331880947041,1.32188290410404,-4617,32.5200918484501
"452","NONLIFE#10",2015,12,265.334872979215,265.219399538106,2.27493610741154,-348.529411764706,45.1855584752169,0.747265718376774,-9422,104.071908165475
"453","NONLIFE#10",2016,3,621.984564498346,621.786108048512,2.18434668602065,-311.782945736434,68.4311567906726,2.65515844410758,-1238,-86.8605391636595
"454","NONLIFE#10",2016,6,454.368421052632,454.263157894737,2.17608447488584,-180.271985494107,64.1861681887367,0.350685251302045,-3478,180.936995153473
"455","NONLIFE#10",2016,9,387.082475858794,386.987494063638,2.27944800394283,-143.616466909849,63.6726546906188,-0.43558996661416,-4627,33.0362277170788
"456","NONLIFE#10",2016,12,333.552734681084,333.458705532048,2.72836323728338,-115.565875472996,58.0434394221689,0.590922788067033,-7813,68.8567106116274
"457","NONLIFE#10",2017,3,276.508469830603,276.410471790564,3.52274593529315,-97.6709686990061,57.9077024141895,2.17965140970593,-1586,-79.7004991680532
"458","NONLIFE#10",2017,6,567.551098133807,567.271803986289,3.75429386220753,-114.273731301552,74.6969991574308,0.302626347458533,-4247,167.780580075662
"459","NONLIFE#10",2017,9,532.418268030946,532.23109558273,4.19605018509523,-124.796355101477,74.195547664115,1.66516773091105,-6109,43.8427125029433
"460","NONLIFE#10",2017,12,532.953354297694,532.638888888889,4.17800738519148,-117.809917355372,72.8134805748661,-1.27897718979312,-8394,37.4038304141431
"461","NONLIFE#10",2018,3,513.838084991931,513.622915545993,2.59994460345305,-134.2175066313,72.8912222529244,2.09259808115409,-2495,-70.2763878961163
"462","NONLIFE#10",2018,6,518.156424581006,518.08291678918,1.91776121394666,-120.814615154238,69.5797109684262,-0.496287335380043,-5400,116.432865731463
"463","NONLIFE#10",2018,9,499.544072948328,499.483282674772,1.95301722439005,-123.268656716418,66.8359077505907,-0.0174876759297662,-7979,47.7592592592593
"464","NONLIFE#10",2018,12,424.579326923077,424.384014423077,1.51022162195347,-145.732052006784,59.9721716355303,-0.206712692516637,-12713,59.3307432009024
"465","NONLIFE#10",2019,3,357.216054654142,357.073726159977,1.4284460437969,-133.06191030115,58.6108135289359,0.55414384532774,-2484,-80.4609454888697
"466","NONLIFE#10",2019,6,323.453006421483,323.277875072971,1.5210355987055,-148.276735935124,54.9593421233978,-0.704930114743754,-5394,117.149758454106
"467","NONLIFE#10",2019,9,250.45045045045,250.293772032902,1.54120016864196,-121.13974672295,49.0686547751765,-0.116791345929498,-8229,52.5583982202447
"468","NONLIFE#10",2019,12,367.489099223652,367.404019993619,1.52646186237918,-76.3945326930181,54.9704991229469,0.911111298258797,-14541,76.7043383157127
"469","NONLIFE#10",2020,3,323.184049694419,323.113916441238,1.28213930177474,-61.7122070890788,55.1709357747831,-0.483342495200724,-2158,-85.1592050065333
"470","NONLIFE#10",2020,6,251.93504963823,251.825677267373,1.43486709695329,-36.6334564202606,51.6348018841784,-2.08188185029191,-4508,108.897126969416
"471","NONLIFE#10",2020,9,206.603555760794,205.949357346263,1.32578061197894,-26.1769637559654,47.3775465973125,2.71377922081141,-6994,55.1464063886424
"472","NONLIFE#10",2020,12,315.316029324351,314.232877617066,1.62719323643523,-31.5155725367605,56.0386249696072,1.23240263328007,-11664,66.7715184443809
"473","NONLIFE#10",2021,3,238.54874125517,237.716386661901,1.68099861303745,8.28825524892271,51.8741610924379,1.99192677699883,-1699,-85.4338134430727
"474","NONLIFE#10",2021,6,257.337778917671,256.327263400872,2.00664267921395,30.6520614921724,44.3151000830182,-0.87968749236253,-5409,218.363743378458
"475","NONLIFE#10",2021,9,284.220507166483,283.885336273429,1.20409112040911,55.8571313000566,48.2785602503912,0.26215537299519,-6032,11.5178406359771
"476","NONLIFE#10",2021,12,233.862791483609,233.588674852615,1.33407165079527,59.2651195499297,44.3033548246093,0.0617160526960093,-7727,28.1001326259947
"477","NONLIFE#10",2022,3,232.669803353842,232.625568021876,1.11897408910247,66.3665015758667,40.9805306303312,0.333629612785773,-1575,-79.6169276562702
"478","NONLIFE#10",2022,6,216.288248856931,216.225721989918,1.14159693844457,61.332859427759,36.3983059092118,-0.95719646106972,-4533,187.809523809524
"479","NONLIFE#10",2022,9,199.828104856038,199.746063991874,1.19679865622607,38.377079002079,32.8930549637836,-1.25037259554898,-7454,64.4385616589455
"480","NONLIFE#10",2022,12,620.747390186091,620.651570931464,1.24647419943587,15.2293699794198,52.1166369405616,0.154148574136576,-15030,101.636705124765
"481","NONLIFE#11",2011,3,169.733589673167,169.733589673167,4.1710190193503,7.49346229625649,22.2716350711717,Inf,-11585,-Inf
"482","NONLIFE#11",2011,6,146.733569028745,146.733569028745,4.36427969671441,9.48824758696366,24.061543853028,1.2463169809107,3153,-127.21622788088
"483","NONLIFE#11",2011,9,189.088133479542,189.088133479542,3.92304056496233,9.07755380936112,28.5426157861412,0.407323819169934,7173,127.497621313035
"484","NONLIFE#11",2011,12,193.916958265768,193.916958265768,3.82038901497266,10.0883765022476,29.0227995177025,-0.390367870800681,9941,38.589153771086
"485","NONLIFE#11",2012,3,187.836600889797,187.836600889797,3.70729895078706,9.29135739271393,27.8130116097056,1.28176110880926,10502,5.64329544311437
"486","NONLIFE#11",2012,6,193.685843623148,193.685843623148,3.44666894228343,8.93482161741729,28.4794524606678,0.14527001829824,4602,-56.1797752808989
"487","NONLIFE#11",2012,9,206.623182207015,204.202309666381,3.33635937683027,8.53149598165403,29.5196679993809,1.67399149355073,8510,84.9196001738375
"488","NONLIFE#11",2012,12,228.035277455903,226.202738079911,3.33820904052307,5.53741128250119,31.1196991735164,0.117777229478622,7749,-8.94242068155112
"489","NONLIFE#11",2013,3,215.250313703431,214.992860542599,3.34948322258851,3.04061339403378,29.947724940519,1.15512545145939,1574,-79.6877016389212
"490","NONLIFE#11",2013,6,201.256495442542,201.128716244995,3.06014579037551,0.291832106299079,29.4653162511542,1.74358689900716,-405,-125.730622617535
"491","NONLIFE#11",2013,9,193.312571019738,193.207356592736,3.05224843747734,-1.33820612450072,28.6694839435356,1.2737884938653,-3188,687.160493827161
"492","NONLIFE#11",2013,12,181.657788912984,181.512516579995,2.4851419060916,-1.43195114717856,27.3736989083524,0.565537395108009,-8453,165.150564617315
"493","NONLIFE#11",2014,3,175.384272214787,175.230157764529,2.41378721563583,2.49775680436011,26.7990088447623,0.826072627005938,-479,-94.3333727670649
"494","NONLIFE#11",2014,6,178.880219532674,178.743011611476,2.46480175472036,3.77440248867388,26.6742872512103,1.040207890631,-781,63.0480167014614
"495","NONLIFE#11",2014,9,176.000954710902,175.865703999841,2.2544847276841,7.46389980960858,25.5021228387807,0.295051429872547,-1130,44.6862996158771
"496","NONLIFE#11",2014,12,143.505059960086,143.358471238586,2.47219457865183,11.0642577935997,22.8946650362301,1.43044288796451,-7745,585.398230088496
"497","NONLIFE#11",2015,3,143.691365115834,143.564304736045,2.08185360797036,16.9804275950888,21.3751263429791,3.26833991302252,150,-101.936733376372
"498","NONLIFE#11",2015,6,137.228171605019,137.101701596479,2.59676920514834,19.513486031626,21.1492852726484,1.02667279947197,729,386
"499","NONLIFE#11",2015,9,203.048617341077,202.925854226671,2.48588655321443,20.0108925777055,27.0944727402446,1.32188290410404,315,-56.7901234567901
"500","NONLIFE#11",2015,12,197.381729820032,197.217708254233,2.78032711820584,21.1416427053382,26.2072144970952,0.747265718376774,1044,231.428571428571
"501","NONLIFE#11",2016,3,192.667309488655,192.522674541236,2.53981629729502,20.2818639747938,24.6308975656837,2.65515844410758,-2456,-335.249042145594
"502","NONLIFE#11",2016,6,195.479693761589,195.382498953287,2.49146707467781,21.3561596857799,24.5698444500593,0.350685251302045,110,-104.478827361564
"503","NONLIFE#11",2016,9,223.825281270682,223.733529871849,2.3856512552713,22.3987264516098,26.0558930331702,-0.43558996661416,4851,4310
"504","NONLIFE#11",2016,12,204.616675993285,204.45321473802,2.79639589019104,23.4102083568294,23.8475117115894,0.590922788067033,4713,-2.8447742733457
"505","NONLIFE#11",2017,3,206.074267062836,205.945463327527,2.85233308042489,25.9470027910667,22.7875447529333,2.17965140970593,1955,-58.5189900275833
"506","NONLIFE#11",2017,6,216.203878148459,216.071997913104,2.96491137690799,27.6266893067405,22.7957448801564,0.302626347458533,6972,256.624040920716
"507","NONLIFE#11",2017,9,212.578544171233,212.420738530399,3.08943740984132,26.5419665362638,22.1558971654279,1.66516773091105,7334,5.19219736087206
"508","NONLIFE#11",2017,12,211.995784790118,211.83771441953,3.0587547750727,26.3776966387363,20.9320059076225,-1.27897718979312,5875,-19.8936460321789
"509","NONLIFE#11",2018,3,204.203610570075,204.059711038112,3.18690902288115,24.4246852353415,19.9179765241324,2.09259808115409,-137,-102.331914893617
"510","NONLIFE#11",2018,6,202.183563981317,202.004251442454,3.2155929795947,22.4938127986679,19.5800863884774,-0.496287335380043,-690,403.649635036496
"511","NONLIFE#11",2018,9,208.167763974249,207.94732923607,3.27694203249547,21.8483593883419,19.3763039364215,-0.0174876759297662,-1183,71.4492753623188
"512","NONLIFE#11",2018,12,193.353424431326,193.210309760696,3.63558509879086,23.1159036270632,18.4370024961182,-0.206712692516637,-10496,787.235841081995
"513","NONLIFE#11",2019,3,193.436377787184,193.310758223302,3.54087192958992,34.9401921989825,17.8910408156264,0.55414384532774,-1846,-82.4123475609756
"514","NONLIFE#11",2019,6,183.628270838953,183.502832479094,3.48167034986605,35.2137555831682,17.196489961516,-0.704930114743754,-6331,242.957746478873
"515","NONLIFE#11",2019,9,166.985603147635,166.866800373015,3.60302959391486,36.0753523289987,16.4108623928626,-0.116791345929498,-11124,75.7068393618702
"516","NONLIFE#11",2019,12,124.594170648962,124.45555028636,3.62525184998415,24.3811926009403,12.5540397384928,0.911111298258797,-44503,300.062927004675
"517","NONLIFE#11",2020,3,123.915853801857,123.79598072629,3.55193404424416,25.0229799913267,12.4540072408978,-0.483342495200724,-859,-98.0697930476597
"518","NONLIFE#11",2020,6,115.690932745065,115.525765031959,3.55152437690073,24.3500425500727,11.7725633927081,-2.08188185029191,-4583,433.527357392317
"519","NONLIFE#11",2020,9,252.284051748489,252.194791254731,3.00897717584541,26.4158003046743,21.0685597161496,2.71377922081141,-5598,22.1470652411084
"520","NONLIFE#11",2020,12,243.194281349401,243.089393818476,2.96774569781661,23.965465912474,20.7311180444175,1.23240263328007,-6779,21.0968202929618
"521","NONLIFE#11",2021,3,235.110853664077,235.006360456136,3.0587601329094,23.0312337629687,20.0680752401374,1.99192677699883,1609,-123.735064168756
"522","NONLIFE#11",2021,6,223.273553428747,223.144042497146,3.21443575294857,27.1909494441607,19.4227777688489,-0.87968749236253,5072,215.226848974518
"523","NONLIFE#11",2021,9,208.544719344686,208.458219563541,3.46432755676953,25.704852782772,18.9230780674184,0.26215537299519,4496,-11.3564668769716
"524","NONLIFE#11",2021,12,203.451344936709,203.204113924051,3.30930331135068,31.8925820779962,17.5675576647428,0.0617160526960093,16993,277.958185053381
"525","NONLIFE#11",2022,3,188.854162519409,188.595373651312,3.28566636080073,30.3298178441426,16.5655335838596,0.333629612785773,-5389,-131.713058318131
"526","NONLIFE#11",2022,6,190.264959518717,190.032521754417,3.4829934305642,26.9015030392759,15.0573800970167,-0.95719646106972,-12008,122.824271664502
"527","NONLIFE#11",2022,9,249.100451265332,248.859908951752,2.97834410128945,21.6987207578662,21.5121068741216,-1.25037259554898,-32682,172.168554297135
"528","NONLIFE#11",2022,12,217.180240638526,216.974744867569,3.04906094427813,7.15529102338981,19.8337958335102,0.154148574136576,-68860,110.697019766232
"529","NONLIFE#12",2011,3,173.160856714847,173.161435107263,1.7499502143767,55.2455326800812,3.39809002505342,Inf,-64897,-Inf
"530","NONLIFE#12",2011,6,181.563610081656,181.563610081656,1.55625250380947,51.4586382069105,4.76866664946436,1.2463169809107,22909,-135.300553184277
"531","NONLIFE#12",2011,9,180.387664172549,180.387135010424,1.61564575433884,52.0862001213759,4.58063497077871,0.407323819169934,32294,40.9664324064778
"532","NONLIFE#12",2011,12,173.938508839354,173.938508839354,1.62654282074177,54.4286966586858,4.72717528690147,-0.390367870800681,49928,54.6045705084536
"533","NONLIFE#12",2012,3,179.397365489476,179.397365489476,1.61370074738825,54.7871989730536,4.55949743558617,1.28176110880926,56520,13.2030123377664
"534","NONLIFE#12",2012,6,176.882990775206,176.882990775206,1.71824884510066,56.6082482952579,4.74815360367301,0.14527001829824,17419,-69.1808209483369
"535","NONLIFE#12",2012,9,167.05937161612,134.529215737298,1.71073549590862,58.1581557805372,5.15086170445059,1.67399149355073,43675,150.731959354728
"536","NONLIFE#12",2012,12,161.100527427915,128.847977638387,1.75269340020984,58.1581557805372,5.07406582376225,0.117777229478622,57623,31.9358900973097
"537","NONLIFE#12",2013,3,191.296577571753,148.431600749581,1.6653997318093,55.7253578767582,6.29315078472684,1.15512545145939,73639,27.7944570744321
"538","NONLIFE#12",2013,6,159.054899181153,116.337000066573,1.63530337054002,53.3855942101283,4.98193512631209,1.74358689900716,-6332,-108.598704490827
"539","NONLIFE#12",2013,9,165.104708506266,115.191767870897,1.97804469363517,50.8757406148239,4.76684538509405,1.2737884938653,-3256,-48.5786481364498
"540","NONLIFE#12",2013,12,164.154088341513,113.609408278544,1.68117279849856,55.1538946746135,4.41873876009455,0.565537395108009,11284,-446.560196560197
"541","NONLIFE#12",2014,3,155.376615125377,111.003915664731,1.62680031197223,56.150222016725,4.44800032778513,0.826072627005938,2924,-74.0872031194612
"542","NONLIFE#12",2014,6,175.442903207213,131.724245496374,1.71287984552423,54.5310752429657,5.08720128621792,1.040207890631,34541,1081.292749658
"543","NONLIFE#12",2014,9,187.119187600214,139.622528059861,1.64765449386001,47.2850325821557,5.31833042227252,0.295051429872547,38300,10.8827190874613
"544","NONLIFE#12",2014,12,163.394300727567,121.651647724571,1.66615625632575,52.2989748330537,5.21104737996391,1.43044288796451,31574,-17.5613577023499
"545","NONLIFE#12",2015,3,163.307409837897,126.039569400036,1.7106231883158,51.7667755115601,5.54412900649851,3.26833991302252,9059,-71.3086716918984
"546","NONLIFE#12",2015,6,163.67217825873,119.333029814178,1.83123776267053,52.2356296315023,5.26593155577507,1.02667279947197,16213,78.971188872944
"547","NONLIFE#12",2015,9,160.493614814926,118.389033883982,1.8060756696212,53.0938093884208,5.2610724461182,1.32188290410404,24074,48.485783013631
"548","NONLIFE#12",2015,12,150.854968484869,111.432599051808,2.09816043032645,54.4665630476245,4.91877315565339,0.747265718376774,19937,-17.1845144138905
"549","NONLIFE#12",2016,3,148.165726627697,111.563049512267,2.10635133128582,53.6637260045527,5.00595514490132,2.65515844410758,3656,-81.6622360435371
"550","NONLIFE#12",2016,6,151.126581248639,114.641488358184,2.12417126877731,53.3815331417071,5.11641835710354,0.350685251302045,9807,168.24398249453
"551","NONLIFE#12",2016,9,154.786378574925,113.318627856073,2.09005748812745,53.3871010317569,5.13669986999653,-0.43558996661416,28317,188.742734781279
"552","NONLIFE#12",2016,12,154.86517099537,115.410845935258,2.46976607539337,52.2785845494179,5.40623875841513,0.590922788067033,32344,14.2211392449765
"553","NONLIFE#12",2017,3,154.837766090659,116.928825444528,2.38581923723722,53.3775305190775,5.32265053638473,2.17965140970593,10949,-66.1482809794707
"554","NONLIFE#12",2017,6,168.521029049866,130.892169218353,2.34837214078678,54.0231108379599,5.78615581732734,0.302626347458533,59138,440.122385605991
"555","NONLIFE#12",2017,9,163.807327555727,129.874560983084,2.38964545220289,52.9618188851729,5.66148350263541,1.66516773091105,63793,7.87141939193074
"556","NONLIFE#12",2017,12,164.55315951146,130.963134836553,2.36913046423122,53.8236789513556,5.64266535269045,-1.27897718979312,85298,33.7105952063706
"557","NONLIFE#12",2018,3,156.770501259981,125.672116464766,2.40652481211901,49.3318819266031,5.45272434365536,2.09259808115409,-3598,-104.218152828906
"558","NONLIFE#12",2018,6,156.385908165027,127.807476701457,2.37590542992396,45.4741937195419,5.51833538918275,-0.496287335380043,14871,-513.3129516398
"559","NONLIFE#12",2018,9,154.225496915696,129.825042386638,2.41148078470055,42.6097844484777,5.66003437519302,-0.0174876759297662,37456,151.872772510255
"560","NONLIFE#12",2018,12,172.539100684262,129.735895824606,2.44116806177943,38.6789158461907,5.71271724832966,-0.206712692516637,50441,34.6673430158052
"561","NONLIFE#12",2019,3,182.646622534151,128.022501111261,2.38676451398994,39.1958914942943,5.6588191350467,0.55414384532774,5599,-88.899902856803
"562","NONLIFE#12",2019,6,186.506410149208,132.56114977975,2.39069924800468,39.1648105724258,5.8504711191165,-0.704930114743754,28841,415.109841043043
"563","NONLIFE#12",2019,9,188.043821887402,135.79891706464,2.25808658730202,38.2404823608307,5.87762442098053,-0.116791345929498,37917,31.469089143927
"564","NONLIFE#12",2019,12,178.468699198959,127.662587864336,2.2055897582773,37.0339395630671,5.6287971755805,0.911111298258797,38434,1.36350449666377
"565","NONLIFE#12",2020,3,167.96915776987,120.873388691182,2.22265824893763,34.4657461157219,5.43477465114522,-0.483342495200724,-6298,-116.386532757454
"566","NONLIFE#12",2020,6,170.497204185569,128.110962981435,2.17667988464975,31.6411791850445,5.7547217142831,-2.08188185029191,13502,-314.385519212448
"567","NONLIFE#12",2020,9,177.446348735595,129.583844260036,2.13606542508756,32.656120179392,5.84787896237266,2.71377922081141,14538,7.67293734261591
"568","NONLIFE#12",2020,12,161.77939572203,115.696732287217,2.19247398408372,30.8074822809147,5.47845673786695,1.23240263328007,22711,56.2181868207456
"569","NONLIFE#12",2021,3,165.226988631499,112.674096225184,2.16486612400142,32.0991741813905,5.12741660476124,1.99192677699883,14855,-34.5911672757695
"570","NONLIFE#12",2021,6,161.861916805683,114.791860456177,2.16494674722349,31.825769825158,5.22928893023378,-0.87968749236253,27658,86.1864692022888
"571","NONLIFE#12",2021,9,163.926212125089,114.681264496358,2.20099163099581,31.1982260777942,5.24540780503273,0.26215537299519,59837,116.346084315569
"572","NONLIFE#12",2021,12,155.374303174492,107.427897511254,2.25800275988347,31.452407599802,5.01665127733398,0.0617160526960093,62045,3.69002456673964
"573","NONLIFE#12",2022,3,146.651622285743,100.051867294232,2.23770003190032,32.7165262278653,4.69683927859557,0.333629612785773,48602,-21.6665323555484
"574","NONLIFE#12",2022,6,153.970153839708,112.993065690882,2.34721752125311,31.2638451744836,4.44861969828009,-0.95719646106972,70104,44.2409777375417
"575","NONLIFE#12",2022,9,161.338671665036,115.471008999821,2.36068122444602,29.1532763289483,4.49977306115754,-1.25037259554898,115025,64.0776560538628
"576","NONLIFE#12",2022,12,163.337914550344,119.787272184045,2.33527033708347,23.0796607030288,5.15567769895357,0.154148574136576,147508,28.2399478374266
"577","NONLIFE#13",2011,3,718.352877645931,718.352877645931,2.16458608839746,97.6419201914668,47.9674705817293,Inf,761455,Inf
"578","NONLIFE#13",2011,6,582.961712784085,582.961712784085,2.22427336001113,68.7516465458002,46.9055519992216,1.2463169809107,143925,-81.0986860681196
"579","NONLIFE#13",2011,9,555.211451989299,556.4105337052,2.20676925422986,74.1158221659663,50.3881273501777,0.407323819169934,244781,70.075386486017
"580","NONLIFE#13",2011,12,547.243360629779,548.344749581505,2.24529402765467,72.797977556051,50.2445490471908,-0.390367870800681,324893,32.7280303618336
"581","NONLIFE#13",2012,3,542.913788334483,543.951563490202,2.18953697703367,71.6389279809033,50.1188011127843,1.28176110880926,351196,8.09589618736015
"582","NONLIFE#13",2012,6,512.318411562117,513.269065517311,2.16800809662139,65.2370451953509,46.9185277472624,0.14527001829824,98966,-71.8202940807982
"583","NONLIFE#13",2012,9,536.869253119705,516.671274630699,2.22302529170526,63.4169422949233,49.2041493900003,1.67399149355073,183010,84.9220944566821
"584","NONLIFE#13",2012,12,548.069630606547,527.195366096357,2.23135879628468,55.6311855704148,48.9655571473733,0.117777229478622,252260,37.8394623244631
"585","NONLIFE#13",2013,3,539.472833276175,518.941257165254,2.27272306655908,48.3506393433822,49.2141097201967,1.15512545145939,313652,24.3367953698565
"586","NONLIFE#13",2013,6,473.080977556752,453.100934263573,2.43505900039226,34.8843257414175,43.6435915779952,1.74358689900716,-153072,-148.803132133702
"587","NONLIFE#13",2013,9,495.13503788512,474.921148956428,2.44934011487843,16.3329060935753,48.5485637927833,1.2737884938653,10497,-106.857557227971
"588","NONLIFE#13",2013,12,499.663933596518,482.342498072835,2.34547702370228,21.4368577584131,49.0403591176683,0.565537395108009,114180,987.739354101172
"589","NONLIFE#13",2014,3,473.936625917158,456.15908326096,2.5054624953831,24.0729764245606,47.975957935166,0.826072627005938,60399,-47.1019442984761
"590","NONLIFE#13",2014,6,508.088561334767,487.265142052288,2.58843573378806,32.6229284593876,50.6112458070211,1.040207890631,284487,371.012765112005
"591","NONLIFE#13",2014,9,521.478063029764,501.248681198011,2.75462424473699,52.5149283303499,51.8377413804468,0.295051429872547,368712,29.6059222389775
"592","NONLIFE#13",2014,12,494.583185852309,476.042920255372,2.71390128283567,50.0806667183355,53.3583767621325,1.43044288796451,479376,30.0136692052334
"593","NONLIFE#13",2015,3,463.013467669419,444.850379097523,2.63616663922652,61.5850530640571,49.5359734624994,3.26833991302252,148020,-69.1223590667868
"594","NONLIFE#13",2015,6,469.670346297149,451.687733654434,2.75328560259384,60.4307151583762,52.8903035547158,1.02667279947197,277299,87.3388731252533
"595","NONLIFE#13",2015,9,457.466914971942,439.789146749655,2.74272060655679,54.0955134800923,52.8777483121537,1.32188290410404,370090,33.4624358544387
"596","NONLIFE#13",2015,12,458.421573975189,440.670237817349,2.84265434951068,50.3881041546138,54.7115120366473,0.747265718376774,511280,38.1501796860223
"597","NONLIFE#13",2016,3,449.610721509635,431.721231059918,2.8367117421701,42.241023866133,51.9651936445247,2.65515844410758,161055,-68.499647942419
"598","NONLIFE#13",2016,6,460.32397749279,442.631667060468,2.61726090574603,54.2336564475802,55.1724458746121,0.350685251302045,391605,143.149855639378
"599","NONLIFE#13",2016,9,472.256513292421,454.262701113072,2.51260219099396,58.3474751580521,55.3414306387661,-0.43558996661416,496865,26.8791256495704
"600","NONLIFE#13",2016,12,421.111802722741,399.974469363801,3.00455555577867,63.5273799737521,55.947902418007,0.590922788067033,614258,23.6267396576535
"601","NONLIFE#13",2017,3,429.120075552855,406.965476418267,2.89274703787462,65.2260120583259,50.9519524537015,2.17965140970593,105366,-82.8466214522237
"602","NONLIFE#13",2017,6,438.932553000369,415.830288601959,3.00697792556641,55.2585047326612,54.3751285209363,0.302626347458533,246980,134.401989256496
"603","NONLIFE#13",2017,9,433.140623547015,409.778639118783,3.07442287068202,54.4932364362835,54.8299501687434,1.66516773091105,381382,54.4181715118633
"604","NONLIFE#13",2017,12,402.996952771016,378.090914107383,2.87040134967729,53.7382283037819,53.9979980078483,-1.27897718979312,460040,20.6244657587406
"605","NONLIFE#13",2018,3,403.421561913244,377.869135171724,2.81444550078642,53.6977755300534,50.8683356692785,2.09259808115409,124829,-72.8656203808364
"606","NONLIFE#13",2018,6,400.136452297439,374.376221471989,2.97354311435408,52.701163268322,52.7934075826514,-0.496287335380043,232772,86.4726946462761
"607","NONLIFE#13",2018,9,396.857715717472,370.932930680888,3.07413759674696,47.8800833823688,52.9263200435408,-0.0174876759297662,341839,46.8557214785283
"608","NONLIFE#13",2018,12,369.591263397487,344.213993956786,2.99797281042582,47.6515657169704,52.8958920020101,-0.206712692516637,443617,29.7736653804861
"609","NONLIFE#13",2019,3,377.600288954359,351.310761490826,3.02670755730483,40.5838093177309,50.7037530221167,0.55414384532774,84007,-81.0631693555477
"610","NONLIFE#13",2019,6,387.969775953669,360.173845078521,3.13451010313082,38.6185864632504,52.4225163939541,-0.704930114743754,157914,87.9771923768257
"611","NONLIFE#13",2019,9,404.567248746537,375.485515828503,3.14847653731279,40.7055202085896,53.1741690090831,-0.116791345929498,298421,88.9769114834657
"612","NONLIFE#13",2019,12,396.122684087354,367.377428873479,3.18460764593545,37.7327576485986,53.5212250328491,0.911111298258797,431618,44.6339232158595
"613","NONLIFE#13",2020,3,401.011648874536,371.417748249926,3.05551993118553,37.5400934849239,51.7732433662503,-0.483342495200724,70908,-83.5715841322651
"614","NONLIFE#13",2020,6,407.759411719184,377.364676107938,3.00050132306725,36.2318921380054,53.122172298806,-2.08188185029191,169009,138.349692559373
"615","NONLIFE#13",2020,9,414.857155981721,383.482001585643,2.90961718253733,33.2803392616948,53.254262951248,2.71377922081141,256545,51.7936914602181
"616","NONLIFE#13",2020,12,413.874460751194,382.67892753903,3.240327489566,33.4761673207297,53.7234548588428,1.23240263328007,328808,28.1677678380011
"617","NONLIFE#13",2021,3,414.754511012444,383.004880747786,3.32883044355566,33.6874966551903,52.8092033964341,1.99192677699883,126765,-61.4471059098319
"618","NONLIFE#13",2021,6,418.822709318858,386.724824921993,3.39610853071641,37.2370524774809,54.1470004750918,-0.87968749236253,268066,111.466887547825
"619","NONLIFE#13",2021,9,441.408406610567,410.329289453791,4.00362959542147,42.8646925059202,55.9254787425146,0.26215537299519,420975,57.0415494691606
"620","NONLIFE#13",2021,12,420.242676600241,386.342573170886,3.78898789747647,43.7257753787129,55.1295834685004,0.0617160526960093,456149,8.35536552051784
"621","NONLIFE#13",2022,3,410.281624454213,375.649565022603,3.67801935550348,46.6815621739581,52.2708717830995,0.333629612785773,152799,-66.5023928584739
"622","NONLIFE#13",2022,6,411.405006084675,375.694089393007,3.49002474358549,47.4703017246492,52.9239273791503,-0.95719646106972,306763,100.762439544761
"623","NONLIFE#13",2022,9,392.236328054996,357.018014207783,3.37011746700654,41.3306818728993,52.7683945823237,-1.25037259554898,416057,35.6281559379717
"624","NONLIFE#13",2022,12,381.901578082439,347.723416289593,3.38829293991421,42.2728549264572,53.8308252078921,0.154148574136576,563502,35.4386538382962
